date,ok,total,breadth
2022-02-16,238,684,0.348
2022-02-17,156,684,0.2281
2022-02-18,129,684,0.1886
2022-02-22,120,684,0.1754
2022-02-23,120,684,0.1754
2022-02-24,131,684,0.1915
2022-02-25,156,684,0.2281
2022-02-28,187,684,0.2734
2022-03-01,156,685,0.2277
2022-03-02,187,685,0.273
2022-03-03,187,685,0.273
2022-03-04,187,685,0.273
2022-03-07,192,685,0.2803
2022-03-08,176,685,0.2569
2022-03-09,182,685,0.2657
2022-03-10,182,685,0.2657
2022-03-11,182,685,0.2657
2022-03-14,171,685,0.2496
2022-03-15,173,685,0.2526
2022-03-16,233,685,0.3401
2022-03-17,242,685,0.3533
2022-03-18,237,685,0.346
2022-03-21,272,685,0.3971
2022-03-22,404,685,0.5898
2022-03-23,264,685,0.3854
2022-03-24,318,685,0.4642
2022-03-25,404,685,0.5898
2022-03-28,409,685,0.5971
2022-03-29,509,685,0.7431
2022-03-30,420,685,0.6131
2022-03-31,340,685,0.4964
2022-04-01,300,685,0.438
2022-04-04,294,685,0.4292
2022-04-05,294,685,0.4292
2022-04-06,294,685,0.4292
2022-04-07,296,685,0.4321
2022-04-08,296,685,0.4321
2022-04-11,290,685,0.4234
2022-04-12,290,685,0.4234
2022-04-13,290,686,0.4227
2022-04-14,290,686,0.4227
2022-04-18,290,686,0.4227
2022-04-19,294,686,0.4286
2022-04-20,338,686,0.4927
2022-04-21,290,686,0.4227
2022-04-22,194,686,0.2828
2022-04-25,232,686,0.3382
2022-04-26,180,686,0.2624
2022-04-27,147,686,0.2143
2022-04-28,177,686,0.258
2022-04-29,128,686,0.1866
2022-05-02,95,686,0.1385
2022-05-03,137,686,0.1997
2022-05-04,194,686,0.2828
2022-05-05,135,686,0.1968
2022-05-06,134,686,0.1953
2022-05-09,126,686,0.1837
2022-05-10,126,686,0.1837
2022-05-11,110,686,0.1603
2022-05-12,60,686,0.0875
2022-05-13,126,686,0.1837
2022-05-16,126,686,0.1837
2022-05-17,137,686,0.1997
2022-05-18,110,686,0.1603
2022-05-19,112,686,0.1633
2022-05-20,112,686,0.1633
2022-05-23,112,686,0.1633
2022-05-24,112,686,0.1633
2022-05-25,112,686,0.1633
2022-05-26,122,686,0.1778
2022-05-27,213,686,0.3105
2022-05-31,161,686,0.2347
2022-06-01,116,686,0.1691
2022-06-02,177,686,0.258
2022-06-03,152,686,0.2216
2022-06-06,166,686,0.242
2022-06-07,197,686,0.2872
2022-06-08,156,686,0.2274
2022-06-09,116,686,0.1691
2022-06-10,83,686,0.121
2022-06-13,64,709,0.0903
2022-06-14,60,709,0.0846
2022-06-15,64,709,0.0903
2022-06-16,0,709,0.0
2022-06-17,4,709,0.0056
2022-06-21,4,709,0.0056
2022-06-22,0,709,0.0
2022-06-23,4,709,0.0056
2022-06-24,4,709,0.0056
2022-06-27,4,709,0.0056
2022-06-28,4,709,0.0056
2022-06-29,0,709,0.0
2022-06-30,4,709,0.0056
2022-07-01,35,709,0.0494
2022-07-05,38,709,0.0536
2022-07-06,38,709,0.0536
2022-07-07,38,709,0.0536
2022-07-08,38,709,0.0536
2022-07-11,38,709,0.0536
2022-07-12,38,709,0.0536
2022-07-13,38,709,0.0536
2022-07-14,38,709,0.0536
2022-07-15,34,709,0.048
2022-07-18,38,709,0.0536
2022-07-19,38,709,0.0536
2022-07-20,38,709,0.0536
2022-07-21,38,709,0.0536
2022-07-22,38,709,0.0536
2022-07-25,38,710,0.0535
2022-07-26,38,710,0.0535
2022-07-27,111,710,0.1563
2022-07-28,222,710,0.3127
2022-07-29,386,710,0.5437
2022-08-01,329,710,0.4634
2022-08-02,316,710,0.4451
2022-08-03,441,710,0.6211
2022-08-04,426,710,0.6
2022-08-05,389,710,0.5479
2022-08-08,424,710,0.5972
2022-08-09,316,710,0.4451
2022-08-10,554,710,0.7803
2022-08-11,614,710,0.8648
2022-08-12,624,710,0.8789
2022-08-15,554,710,0.7803
2022-08-16,584,710,0.8225
2022-08-17,535,710,0.7535
2022-08-18,601,710,0.8465
2022-08-19,585,710,0.8239
2022-08-22,475,710,0.669
2022-08-23,383,710,0.5394
2022-08-24,467,710,0.6577
2022-08-25,608,710,0.8563
2022-08-26,299,710,0.4211
2022-08-29,240,710,0.338
2022-08-30,189,711,0.2658
2022-08-31,154,711,0.2166
2022-09-01,154,711,0.2166
2022-09-02,154,711,0.2166
2022-09-06,154,711,0.2166
2022-09-07,241,711,0.339
2022-09-08,315,711,0.443
2022-09-09,458,711,0.6442
2022-09-12,518,711,0.7286
2022-09-13,191,711,0.2686
2022-09-14,191,711,0.2686
2022-09-15,191,712,0.2683
2022-09-16,189,713,0.2651
2022-09-19,131,713,0.1837
2022-09-20,129,713,0.1809
2022-09-21,90,713,0.1262
2022-09-22,2,713,0.0028
2022-09-23,0,713,0.0
2022-09-26,0,713,0.0
2022-09-27,0,713,0.0
2022-09-28,34,713,0.0477
2022-09-29,0,713,0.0
2022-09-30,34,713,0.0477
2022-10-03,34,713,0.0477
2022-10-04,123,713,0.1725
2022-10-05,117,713,0.1641
2022-10-06,118,713,0.1655
2022-10-07,79,713,0.1108
2022-10-10,60,713,0.0842
2022-10-11,60,713,0.0842
2022-10-12,60,713,0.0842
2022-10-13,79,713,0.1108
2022-10-14,79,713,0.1108
2022-10-17,113,713,0.1585
2022-10-18,113,713,0.1585
2022-10-19,79,713,0.1108
2022-10-20,79,713,0.1108
2022-10-21,112,713,0.1571
2022-10-24,164,713,0.23
2022-10-25,281,713,0.3941
2022-10-26,326,713,0.4572
2022-10-27,297,713,0.4165
2022-10-28,380,713,0.533
2022-10-31,343,713,0.4811
2022-11-01,355,713,0.4979
2022-11-02,275,713,0.3857
2022-11-03,277,713,0.3885
2022-11-04,326,713,0.4572
2022-11-07,356,713,0.4993
2022-11-08,371,713,0.5203
2022-11-09,339,713,0.4755
2022-11-10,478,713,0.6704
2022-11-11,532,713,0.7461
2022-11-14,482,713,0.676
2022-11-15,532,713,0.7461
2022-11-16,448,713,0.6283
2022-11-17,438,713,0.6143
2022-11-18,444,713,0.6227
2022-11-21,444,713,0.6227
2022-11-22,494,713,0.6928
2022-11-23,498,713,0.6985
2022-11-25,529,713,0.7419
2022-11-28,444,713,0.6227
2022-11-29,444,713,0.6227
2022-11-30,586,713,0.8219
2022-12-01,639,714,0.895
2022-12-02,587,714,0.8221
2022-12-05,476,714,0.6667
2022-12-06,457,714,0.6401
2022-12-07,385,714,0.5392
2022-12-08,397,714,0.556
2022-12-09,385,714,0.5392
2022-12-12,507,714,0.7101
2022-12-13,551,714,0.7717
2022-12-14,575,714,0.8053
2022-12-15,441,715,0.6168
2022-12-16,362,715,0.5063
2022-12-19,263,715,0.3678
2022-12-20,292,715,0.4084
2022-12-21,427,715,0.5972
2022-12-22,368,715,0.5147
2022-12-23,376,715,0.5259
2022-12-27,378,715,0.5287
2022-12-28,376,715,0.5259
2022-12-29,378,715,0.5287
2022-12-30,412,715,0.5762
2023-01-03,376,715,0.5259
2023-01-04,427,715,0.5972
2023-01-05,379,715,0.5301
2023-01-06,483,715,0.6755
2023-01-09,498,715,0.6965
2023-01-10,541,715,0.7566
2023-01-11,605,715,0.8462
2023-01-12,657,715,0.9189
2023-01-13,657,715,0.9189
2023-01-17,657,715,0.9189
2023-01-18,609,715,0.8517
2023-01-19,557,715,0.779
2023-01-20,609,715,0.8517
2023-01-23,626,715,0.8755
2023-01-24,657,715,0.9189
2023-01-25,626,715,0.8755
2023-01-26,661,715,0.9245
2023-01-27,661,715,0.9245
2023-01-30,661,715,0.9245
2023-01-31,661,715,0.9245
2023-02-01,692,715,0.9678
2023-02-02,715,715,1.0
2023-02-03,661,715,0.9245
2023-02-06,601,715,0.8406
2023-02-07,661,715,0.9245
2023-02-08,624,715,0.8727
2023-02-09,568,716,0.7933
2023-02-10,637,716,0.8897
2023-02-13,657,716,0.9176
2023-02-14,662,716,0.9246
2023-02-15,590,716,0.824
2023-02-16,568,716,0.7933
2023-02-17,571,716,0.7975
2023-02-21,487,716,0.6802
2023-02-22,495,716,0.6913
2023-02-23,506,716,0.7067
2023-02-24,444,716,0.6201
2023-02-27,437,716,0.6103
2023-02-28,444,716,0.6201
2023-03-01,466,716,0.6508
2023-03-02,467,716,0.6522
2023-03-03,551,716,0.7696
2023-03-06,502,716,0.7011
2023-03-07,417,716,0.5824
2023-03-08,383,716,0.5349
2023-03-09,306,716,0.4274
2023-03-10,217,716,0.3031
2023-03-13,229,716,0.3198
2023-03-14,271,716,0.3785
2023-03-15,197,716,0.2751
2023-03-16,259,716,0.3617
2023-03-17,235,716,0.3282
2023-03-20,264,716,0.3687
2023-03-21,271,716,0.3785
2023-03-22,237,716,0.331
2023-03-23,237,716,0.331
2023-03-24,237,716,0.331
2023-03-27,271,716,0.3785
2023-03-28,269,716,0.3757
2023-03-29,293,716,0.4092
2023-03-30,316,716,0.4413
2023-03-31,392,716,0.5475
2023-04-03,404,716,0.5642
2023-04-04,293,716,0.4092
2023-04-05,395,716,0.5517
2023-04-06,376,716,0.5251
2023-04-10,376,716,0.5251
2023-04-11,491,716,0.6858
2023-04-12,480,716,0.6704
2023-04-13,522,716,0.7291
2023-04-14,511,716,0.7137
2023-04-17,578,717,0.8061
2023-04-18,576,717,0.8033
2023-04-19,591,717,0.8243
2023-04-20,486,717,0.6778
2023-04-21,508,717,0.7085
2023-04-24,565,717,0.788
2023-04-25,341,717,0.4756
2023-04-26,263,717,0.3668
2023-04-27,341,717,0.4756
2023-04-28,421,717,0.5872
2023-05-01,497,717,0.6932
2023-05-02,346,717,0.4826
2023-05-03,361,717,0.5035
2023-05-04,382,717,0.5328
2023-05-05,394,717,0.5495
2023-05-08,394,717,0.5495
2023-05-09,398,717,0.5551
2023-05-10,413,717,0.576
2023-05-11,376,717,0.5244
2023-05-12,376,717,0.5244
2023-05-15,387,717,0.5397
2023-05-16,293,717,0.4086
2023-05-17,320,717,0.4463
2023-05-18,305,717,0.4254
2023-05-19,303,717,0.4226
2023-05-22,309,717,0.431
2023-05-23,274,718,0.3816
2023-05-24,272,718,0.3788
2023-05-25,272,718,0.3788
2023-05-26,253,718,0.3524
2023-05-30,253,718,0.3524
2023-05-31,253,718,0.3524
2023-06-01,285,718,0.3969
2023-06-02,320,718,0.4457
2023-06-05,327,718,0.4554
2023-06-06,335,718,0.4666
2023-06-07,366,718,0.5097
2023-06-08,366,718,0.5097
2023-06-09,347,718,0.4833
2023-06-12,399,718,0.5557
2023-06-13,437,718,0.6086
2023-06-14,390,718,0.5432
2023-06-15,568,718,0.7911
2023-06-16,595,718,0.8287
2023-06-20,442,718,0.6156
2023-06-21,442,718,0.6156
2023-06-22,459,718,0.6393
2023-06-23,379,718,0.5279
2023-06-26,410,718,0.571
2023-06-27,437,718,0.6086
2023-06-28,385,718,0.5362
2023-06-29,543,719,0.7552
2023-06-30,560,719,0.7789
2023-07-03,594,719,0.8261
2023-07-05,583,719,0.8108
2023-07-06,493,719,0.6857
2023-07-07,480,719,0.6676
2023-07-10,520,719,0.7232
2023-07-11,585,719,0.8136
2023-07-12,631,719,0.8776
2023-07-13,631,719,0.8776
2023-07-14,609,719,0.847
2023-07-17,597,719,0.8303
2023-07-18,671,719,0.9332
2023-07-19,688,719,0.9569
2023-07-20,694,719,0.9652
2023-07-21,694,719,0.9652
2023-07-24,694,719,0.9652
2023-07-25,709,719,0.9861
2023-07-26,694,719,0.9652
2023-07-27,660,719,0.9179
2023-07-28,694,719,0.9652
2023-07-31,694,719,0.9652
2023-08-01,663,719,0.9221
2023-08-02,629,719,0.8748
2023-08-03,622,719,0.8651
2023-08-04,595,719,0.8275
2023-08-07,622,719,0.8651
2023-08-08,605,719,0.8414
2023-08-09,622,719,0.8651
2023-08-10,603,719,0.8387
2023-08-11,542,719,0.7538
2023-08-14,600,721,0.8322
2023-08-15,525,721,0.7282
2023-08-16,570,721,0.7906
2023-08-17,539,721,0.7476
2023-08-18,539,721,0.7476
2023-08-21,570,721,0.7906
2023-08-22,515,721,0.7143
2023-08-23,546,721,0.7573
2023-08-24,488,721,0.6768
2023-08-25,488,721,0.6768
2023-08-28,581,721,0.8058
2023-08-29,592,721,0.8211
2023-08-30,602,721,0.835
2023-08-31,592,721,0.8211
2023-09-01,592,721,0.8211
2023-09-05,538,721,0.7462
2023-09-06,478,721,0.663
2023-09-07,478,721,0.663
2023-09-08,478,721,0.663
2023-09-11,554,721,0.7684
2023-09-12,522,721,0.724
2023-09-13,512,722,0.7091
2023-09-14,565,723,0.7815
2023-09-15,452,723,0.6252
2023-09-18,408,723,0.5643
2023-09-19,352,724,0.4862
2023-09-20,301,724,0.4157
2023-09-21,265,724,0.366
2023-09-22,188,724,0.2597
2023-09-25,188,724,0.2597
2023-09-26,136,724,0.1878
2023-09-27,136,724,0.1878
2023-09-28,136,724,0.1878
2023-09-29,136,724,0.1878
2023-10-02,164,724,0.2265
2023-10-03,86,724,0.1188
2023-10-04,106,725,0.1462
2023-10-05,106,725,0.1462
2023-10-06,188,725,0.2593
2023-10-09,184,725,0.2538
2023-10-10,188,725,0.2593
2023-10-11,215,725,0.2966
2023-10-12,205,725,0.2828
2023-10-13,158,725,0.2179
2023-10-16,215,725,0.2966
2023-10-17,164,725,0.2262
2023-10-18,158,725,0.2179
2023-10-19,158,725,0.2179
2023-10-20,106,726,0.146
2023-10-23,106,726,0.146
2023-10-24,106,726,0.146
2023-10-25,87,727,0.1197
2023-10-26,87,727,0.1197
2023-10-27,26,727,0.0358
2023-10-30,26,727,0.0358
2023-10-31,26,727,0.0358
2023-11-01,26,727,0.0358
2023-11-02,158,727,0.2173
2023-11-03,293,727,0.403
2023-11-06,176,727,0.2421
2023-11-07,176,727,0.2421
2023-11-08,176,727,0.2421
2023-11-09,176,727,0.2421
2023-11-10,310,727,0.4264
2023-11-13,176,727,0.2421
2023-11-14,391,727,0.5378
2023-11-15,377,727,0.5186
2023-11-16,420,727,0.5777
2023-11-17,420,727,0.5777
2023-11-20,449,727,0.6176
2023-11-21,495,727,0.6809
2023-11-22,503,727,0.6919
2023-11-24,587,727,0.8074
2023-11-27,526,727,0.7235
2023-11-28,526,727,0.7235
2023-11-29,503,727,0.6919
2023-11-30,623,727,0.8569
2023-12-01,630,727,0.8666
2023-12-04,647,727,0.89
2023-12-05,630,727,0.8666
2023-12-06,630,727,0.8666
2023-12-07,630,727,0.8666
2023-12-08,630,727,0.8666
2023-12-11,610,727,0.8391
2023-12-12,612,727,0.8418
2023-12-13,627,727,0.8624
2023-12-14,652,727,0.8968
2023-12-15,657,727,0.9037
2023-12-18,652,727,0.8968
2023-12-19,657,727,0.9037
2023-12-20,635,727,0.8735
2023-12-21,657,727,0.9037
2023-12-22,657,727,0.9037
2023-12-26,657,727,0.9037
2023-12-27,657,727,0.9037
2023-12-28,657,727,0.9037
2023-12-29,657,727,0.9037
2024-01-02,657,727,0.9037
2024-01-03,648,727,0.8913
2024-01-04,652,727,0.8968
2024-01-05,652,727,0.8968
2024-01-08,652,727,0.8968
2024-01-09,652,727,0.8968
2024-01-10,632,727,0.8693
2024-01-11,632,727,0.8693
2024-01-12,652,727,0.8968
2024-01-16,632,727,0.8693
2024-01-17,596,727,0.8198
2024-01-18,596,727,0.8198
2024-01-19,596,727,0.8198
2024-01-22,596,727,0.8198
2024-01-23,596,727,0.8198
2024-01-24,602,728,0.8269
2024-01-25,603,729,0.8272
2024-01-26,604,730,0.8274
2024-01-29,609,730,0.8342
2024-01-30,609,730,0.8342
2024-01-31,604,730,0.8274
2024-02-01,640,730,0.8767
2024-02-02,604,730,0.8274
2024-02-05,599,730,0.8205
2024-02-06,604,730,0.8274
2024-02-07,600,731,0.8208
2024-02-08,576,731,0.788
2024-02-09,576,731,0.788
2024-02-12,605,731,0.8276
2024-02-13,576,731,0.788
2024-02-14,576,731,0.788
2024-02-15,667,731,0.9124
2024-02-16,667,731,0.9124
2024-02-20,599,731,0.8194
2024-02-21,691,731,0.9453
2024-02-22,691,731,0.9453
2024-02-23,691,731,0.9453
2024-02-26,660,731,0.9029
2024-02-27,669,731,0.9152
2024-02-28,669,731,0.9152
2024-02-29,693,731,0.948
2024-03-01,693,731,0.948
2024-03-04,669,731,0.9152
2024-03-05,669,731,0.9152
2024-03-06,684,731,0.9357
2024-03-07,688,731,0.9412
2024-03-08,689,731,0.9425
2024-03-11,694,731,0.9494
2024-03-12,713,731,0.9754
2024-03-13,696,731,0.9521
2024-03-14,687,731,0.9398
2024-03-15,689,731,0.9425
2024-03-18,698,731,0.9549
2024-03-19,691,731,0.9453
2024-03-20,703,732,0.9604
2024-03-21,704,733,0.9604
2024-03-22,704,733,0.9604
2024-03-25,700,733,0.955
2024-03-26,701,734,0.955
2024-03-27,702,735,0.9551
2024-03-28,706,735,0.9605
2024-04-01,706,735,0.9605
2024-04-02,706,735,0.9605
2024-04-03,719,735,0.9782
2024-04-04,719,735,0.9782
2024-04-05,695,735,0.9456
2024-04-08,706,735,0.9605
2024-04-09,706,735,0.9605
2024-04-10,695,736,0.9443
2024-04-11,721,737,0.9783
2024-04-12,533,737,0.7232
2024-04-15,480,737,0.6513
2024-04-16,437,737,0.5929
2024-04-17,426,737,0.578
2024-04-18,422,737,0.5726
2024-04-19,364,737,0.4939
2024-04-22,389,737,0.5278
2024-04-23,469,737,0.6364
2024-04-24,459,737,0.6228
2024-04-25,456,739,0.6171
2024-04-26,456,739,0.6171
2024-04-29,551,739,0.7456
2024-04-30,452,739,0.6116
2024-05-01,452,739,0.6116
2024-05-02,456,739,0.6171
2024-05-03,543,739,0.7348
2024-05-06,577,739,0.7808
2024-05-07,608,739,0.8227
2024-05-08,572,739,0.774
2024-05-09,608,739,0.8227
2024-05-10,608,739,0.8227
2024-05-13,608,739,0.8227
2024-05-14,608,739,0.8227
2024-05-15,726,739,0.9824
2024-05-16,690,739,0.9337
2024-05-17,726,739,0.9824
2024-05-20,690,739,0.9337
2024-05-21,726,739,0.9824
2024-05-22,672,739,0.9093
2024-05-23,601,739,0.8133
2024-05-24,548,739,0.7415
2024-05-28,492,739,0.6658
2024-05-29,492,739,0.6658
2024-05-30,492,739,0.6658
2024-05-31,568,739,0.7686
2024-06-03,582,739,0.7876
2024-06-04,519,739,0.7023
2024-06-05,534,739,0.7226
2024-06-06,661,739,0.8945
2024-06-07,549,740,0.7419
2024-06-10,669,740,0.9041
2024-06-11,594,740,0.8027
2024-06-12,590,741,0.7962
2024-06-13,585,741,0.7895
2024-06-14,518,742,0.6981
2024-06-17,587,742,0.7911
2024-06-18,596,742,0.8032
2024-06-20,611,742,0.8235
2024-06-21,641,742,0.8639
2024-06-24,702,742,0.9461
2024-06-25,617,742,0.8315
2024-06-26,556,742,0.7493
2024-06-27,556,742,0.7493
2024-06-28,567,742,0.7642
2024-07-01,550,742,0.7412
2024-07-02,539,742,0.7264
2024-07-03,547,742,0.7372
2024-07-05,543,742,0.7318
2024-07-08,516,742,0.6954
2024-07-09,577,743,0.7766
2024-07-10,577,743,0.7766
2024-07-11,620,743,0.8345
2024-07-12,664,743,0.8937
2024-07-15,713,743,0.9596
2024-07-16,734,743,0.9879
2024-07-17,734,743,0.9879
2024-07-18,702,743,0.9448
2024-07-19,679,743,0.9139
2024-07-22,648,743,0.8721
2024-07-23,648,743,0.8721
2024-07-24,410,743,0.5518
2024-07-25,511,743,0.6878
2024-07-26,587,743,0.79
2024-07-29,527,743,0.7093
2024-07-30,526,743,0.7079
2024-07-31,702,743,0.9448
2024-08-01,463,743,0.6231
2024-08-02,303,743,0.4078
2024-08-05,192,743,0.2584
2024-08-06,225,743,0.3028
2024-08-07,270,743,0.3634
2024-08-08,346,743,0.4657
2024-08-09,346,743,0.4657
2024-08-12,346,743,0.4657
2024-08-13,460,743,0.6191
2024-08-14,460,743,0.6191
2024-08-15,613,743,0.825
2024-08-16,631,743,0.8493
2024-08-19,659,743,0.8869
2024-08-20,605,743,0.8143
2024-08-21,639,743,0.86
2024-08-22,572,743,0.7699
2024-08-23,639,743,0.86
2024-08-26,601,743,0.8089
2024-08-27,581,743,0.782
2024-08-28,581,743,0.782
2024-08-29,601,743,0.8089
2024-08-30,601,743,0.8089
2024-09-03,496,743,0.6676
2024-09-04,496,743,0.6676
2024-09-05,496,743,0.6676
2024-09-06,441,743,0.5935
2024-09-09,493,743,0.6635
2024-09-10,484,743,0.6514
2024-09-11,538,743,0.7241
2024-09-12,563,743,0.7577
2024-09-13,572,743,0.7699
2024-09-16,572,743,0.7699
2024-09-17,597,743,0.8035
2024-09-18,597,743,0.8035
2024-09-19,607,743,0.817
2024-09-20,605,743,0.8143
2024-09-23,609,743,0.8197
2024-09-24,618,743,0.8318
2024-09-25,618,743,0.8318
2024-09-26,657,745,0.8819
2024-09-27,624,745,0.8376
2024-09-30,624,745,0.8376
2024-10-01,624,745,0.8376
2024-10-02,688,746,0.9223
2024-10-03,683,746,0.9155
2024-10-04,683,746,0.9155
2024-10-07,688,746,0.9223
2024-10-08,683,746,0.9155
2024-10-09,741,746,0.9933
2024-10-10,707,746,0.9477
2024-10-11,741,746,0.9933
2024-10-14,741,746,0.9933
2024-10-15,595,746,0.7976
2024-10-16,658,746,0.882
2024-10-17,658,746,0.882
2024-10-18,638,746,0.8552
2024-10-21,639,747,0.8554
2024-10-22,639,747,0.8554
2024-10-23,484,747,0.6479
2024-10-24,519,748,0.6939
2024-10-25,485,748,0.6484
2024-10-28,519,748,0.6939
2024-10-29,568,748,0.7594
2024-10-30,519,748,0.6939
2024-10-31,402,748,0.5374
2024-11-01,489,748,0.6537
2024-11-04,514,748,0.6872
2024-11-05,586,748,0.7834
2024-11-06,556,748,0.7433
2024-11-07,634,748,0.8476
2024-11-08,651,748,0.8703
2024-11-11,568,748,0.7594
2024-11-12,568,748,0.7594
2024-11-13,548,748,0.7326
2024-11-14,503,748,0.6725
2024-11-15,491,748,0.6564
2024-11-18,491,748,0.6564
2024-11-19,508,748,0.6791
2024-11-20,491,748,0.6564
2024-11-21,539,748,0.7206
2024-11-22,539,748,0.7206
2024-11-25,543,748,0.7259
2024-11-26,573,748,0.766
2024-11-27,573,748,0.766
2024-11-29,573,748,0.766
2024-12-02,582,748,0.7781
2024-12-03,539,748,0.7206
2024-12-04,573,748,0.766
2024-12-05,508,748,0.6791
2024-12-06,542,748,0.7246
2024-12-09,509,748,0.6805
2024-12-10,434,748,0.5802
2024-12-11,418,748,0.5588
2024-12-12,376,749,0.502
2024-12-13,450,749,0.6008
2024-12-16,450,749,0.6008
2024-12-17,405,749,0.5407
2024-12-18,247,749,0.3298
2024-12-19,247,749,0.3298
2024-12-20,275,749,0.3672
2024-12-23,275,749,0.3672
2024-12-24,333,749,0.4446
2024-12-26,361,749,0.482
2024-12-27,275,749,0.3672
2024-12-30,267,749,0.3565
2024-12-31,267,749,0.3565
2025-01-02,267,749,0.3565
2025-01-03,290,749,0.3872
2025-01-06,352,749,0.47
2025-01-07,348,749,0.4646
2025-01-08,346,749,0.4619
2025-01-10,275,749,0.3672
2025-01-13,286,749,0.3818
2025-01-14,286,749,0.3818
2025-01-15,432,749,0.5768
2025-01-16,509,750,0.6787
2025-01-17,509,750,0.6787
2025-01-21,525,750,0.7
2025-01-22,485,750,0.6467
2025-01-23,498,750,0.664
2025-01-24,530,751,0.7057
2025-01-27,425,751,0.5659
2025-01-28,354,751,0.4714
2025-01-29,356,751,0.474
2025-01-30,494,751,0.6578
2025-01-31,319,751,0.4248
2025-02-03,369,751,0.4913
2025-02-04,369,751,0.4913
2025-02-05,426,751,0.5672
2025-02-06,434,751,0.5779
2025-02-07,376,751,0.5007
2025-02-10,485,751,0.6458
2025-02-11,502,751,0.6684
2025-02-12,437,751,0.5819
2025-02-13,496,753,0.6587
2025-02-14,438,753,0.5817
2025-02-18,565,753,0.7503
2025-02-19,621,753,0.8247
2025-02-20,621,753,0.8247
2025-02-21,534,753,0.7092
2025-02-24,330,753,0.4382
2025-02-25,276,753,0.3665
2025-02-26,276,753,0.3665
2025-02-27,273,753,0.3625
2025-02-28,369,753,0.49
2025-03-03,287,753,0.3811
2025-03-04,241,753,0.3201
2025-03-05,278,753,0.3692
2025-03-06,144,753,0.1912
2025-03-07,170,753,0.2258
2025-03-10,110,753,0.1461
2025-03-11,115,753,0.1527
2025-03-12,57,753,0.0757
2025-03-13,44,753,0.0584
2025-03-14,179,753,0.2377
2025-03-17,270,753,0.3586
2025-03-18,253,753,0.336
2025-03-19,253,753,0.336
2025-03-20,253,753,0.336
2025-03-21,244,753,0.324
2025-03-24,291,753,0.3865
2025-03-25,299,753,0.3971
2025-03-26,299,753,0.3971
2025-03-27,300,753,0.3984
2025-03-28,150,754,0.1989
2025-03-31,239,754,0.317
2025-04-01,181,754,0.2401
2025-04-02,259,754,0.3435
2025-04-03,88,754,0.1167
2025-04-04,15,754,0.0199
2025-04-07,15,754,0.0199
2025-04-08,15,754,0.0199
2025-04-09,20,754,0.0265
2025-04-10,20,754,0.0265
2025-04-11,37,754,0.0491
2025-04-14,37,754,0.0491
2025-04-15,37,754,0.0491
2025-04-16,20,754,0.0265
2025-04-17,37,754,0.0491
2025-04-21,37,754,0.0491
2025-04-22,68,754,0.0902
2025-04-23,68,754,0.0902
2025-04-24,110,754,0.1459
2025-04-25,105,754,0.1393
2025-04-28,105,754,0.1393
2025-04-29,105,754,0.1393
2025-04-30,105,754,0.1393
2025-05-01,104,754,0.1379
2025-05-02,311,754,0.4125
2025-05-05,336,754,0.4456
2025-05-06,275,754,0.3647
2025-05-07,317,754,0.4204
2025-05-08,335,754,0.4443
2025-05-09,365,754,0.4841
2025-05-12,577,754,0.7653
2025-05-13,549,754,0.7281
2025-05-14,518,754,0.687
2025-05-15,577,754,0.7653
2025-05-16,577,754,0.7653
2025-05-19,577,754,0.7653
2025-05-20,577,754,0.7653
2025-05-21,558,754,0.7401
2025-05-22,545,755,0.7219
2025-05-23,486,755,0.6437
2025-05-27,572,755,0.7576
2025-05-28,564,755,0.747
2025-05-29,564,755,0.747
2025-05-30,564,755,0.747
2025-06-02,564,755,0.747
2025-06-03,569,755,0.7536
2025-06-04,569,755,0.7536
2025-06-05,569,755,0.7536
2025-06-06,611,755,0.8093
2025-06-09,611,755,0.8093
2025-06-10,611,755,0.8093
2025-06-11,611,755,0.8093
2025-06-12,677,756,0.8955
2025-06-13,627,756,0.8294
2025-06-16,635,756,0.8399
2025-06-17,610,756,0.8069
2025-06-18,610,757,0.8058
2025-06-20,627,757,0.8283
2025-06-23,570,757,0.753
2025-06-24,612,757,0.8085
2025-06-25,551,758,0.7269
2025-06-26,585,758,0.7718
2025-06-27,551,758,0.7269
2025-06-30,551,758,0.7269
2025-07-01,613,758,0.8087
2025-07-02,678,758,0.8945
2025-07-03,678,758,0.8945
2025-07-07,678,758,0.8945
2025-07-08,667,758,0.8799
2025-07-09,650,758,0.8575
2025-07-10,661,758,0.872
2025-07-11,661,758,0.872
2025-07-14,661,758,0.872
2025-07-15,650,758,0.8575
2025-07-16,662,759,0.8722
2025-07-17,654,759,0.8617
2025-07-18,654,759,0.8617
2025-07-21,589,759,0.776
2025-07-22,679,759,0.8946
2025-07-23,679,759,0.8946
2025-07-24,679,759,0.8946
2025-07-25,679,759,0.8946
2025-07-28,662,759,0.8722
2025-07-29,699,759,0.9209
2025-07-30,683,760,0.8987
2025-07-31,675,760,0.8882
2025-08-01,664,760,0.8737
2025-08-04,683,760,0.8987
2025-08-05,678,760,0.8921
2025-08-06,622,760,0.8184
2025-08-07,616,761,0.8095
2025-08-08,625,761,0.8213
2025-08-11,605,762,0.794
2025-08-12,625,762,0.8202
2025-08-13,681,762,0.8937
2025-08-14,670,762,0.8793
2025-08-15,742,762,0.9738
2025-08-18,731,762,0.9593
2025-08-19,738,762,0.9685
2025-08-20,736,762,0.9659
2025-08-21,738,762,0.9685
2025-08-22,742,762,0.9738
2025-08-25,725,762,0.9514
2025-08-26,725,762,0.9514
2025-08-27,725,762,0.9514
2025-08-28,725,762,0.9514
2025-08-29,745,762,0.9777
2025-09-02,725,762,0.9514
2025-09-03,725,762,0.9514
2025-09-04,725,762,0.9514
2025-09-05,725,762,0.9514
2025-09-08,725,762,0.9514
2025-09-09,725,762,0.9514
2025-09-10,717,762,0.9409
2025-09-11,725,762,0.9514
2025-09-12,725,762,0.9514
2025-09-15,717,762,0.9409
2025-09-16,717,762,0.9409
2025-09-17,718,763,0.941
2025-09-18,718,763,0.941
2025-09-19,718,763,0.941
2025-09-22,707,763,0.9266
2025-09-23,718,763,0.941
2025-09-24,676,763,0.886
2025-09-25,606,763,0.7942
2025-09-26,662,763,0.8676
2025-09-29,685,764,0.8966
2025-09-30,685,764,0.8966
2025-10-01,654,764,0.856
2025-10-02,685,764,0.8966
2025-10-03,694,764,0.9084
2025-10-06,683,764,0.894
2025-10-07,683,764,0.894
2025-10-08,674,764,0.8822
2025-10-09,643,764,0.8416
2025-10-10,498,764,0.6518
2025-10-13,577,764,0.7552
2025-10-14,577,764,0.7552
2025-10-15,588,764,0.7696
2025-10-16,498,764,0.6518
2025-10-17,509,764,0.6662
2025-10-20,613,764,0.8024
2025-10-21,588,764,0.7696
2025-10-22,578,764,0.7565
2025-10-23,617,764,0.8076
2025-10-24,696,764,0.911
2025-10-27,666,765,0.8706
2025-10-28,650,765,0.8497
2025-10-29,571,765,0.7464
2025-10-30,563,765,0.7359
2025-10-31,569,765,0.7438
2025-11-03,563,765,0.7359
2025-11-04,526,765,0.6876
2025-11-05,519,765,0.6784
2025-11-06,533,765,0.6967
2025-11-07,541,765,0.7072
2025-11-10,677,765,0.885
2025-11-11,614,765,0.8026
2025-11-12,614,765,0.8026
2025-11-13,593,765,0.7752
2025-11-14,434,765,0.5673
2025-11-17,364,765,0.4758
2025-11-18,426,765,0.5569
2025-11-19,426,765,0.5569
2025-11-20,232,765,0.3033
2025-11-21,323,765,0.4222
2025-11-24,399,765,0.5216
2025-11-25,458,765,0.5987
2025-11-26,614,765,0.8026
2025-11-28,682,765,0.8915
2025-12-01,602,765,0.7869
2025-12-02,522,765,0.6824
2025-12-03,622,766,0.812
2025-12-04,650,766,0.8486
2025-12-05,582,766,0.7598
2025-12-08,610,766,0.7963
2025-12-09,562,766,0.7337
2025-12-10,599,766,0.782
2025-12-11,630,766,0.8225
2025-12-12,645,766,0.842
2025-12-15,661,766,0.8629
2025-12-16,575,766,0.7507
2025-12-17,576,768,0.75
2025-12-18,562,768,0.7318
2025-12-19,560,768,0.7292
2025-12-22,555,768,0.7227
2025-12-23,621,768,0.8086
2025-12-24,596,768,0.776
2025-12-26,526,768,0.6849
2025-12-29,592,768,0.7708
2025-12-30,601,768,0.7826
2025-12-31,592,768,0.7708
2026-01-02,623,768,0.8112
2026-01-05,627,768,0.8164
2026-01-06,607,768,0.7904
2026-01-07,607,768,0.7904
2026-01-08,652,768,0.849
2026-01-09,669,768,0.8711
2026-01-12,669,768,0.8711
2026-01-13,669,768,0.8711
2026-01-14,680,768,0.8854
2026-01-15,680,768,0.8854
2026-01-16,659,768,0.8581
2026-01-20,518,768,0.6745
2026-01-21,578,768,0.7526
2026-01-22,661,768,0.8607
2026-01-23,580,768,0.7552
2026-01-26,580,768,0.7552
2026-01-27,580,768,0.7552
2026-01-28,580,768,0.7552
2026-01-29,591,768,0.7695
2026-01-30,591,768,0.7695
2026-02-02,661,768,0.8607
2026-02-03,528,768,0.6875
2026-02-04,621,769,0.8075
2026-02-05,433,770,0.5623
2026-02-06,540,770,0.7013
2026-02-09,586,770,0.761
2026-02-10,531,770,0.6896
2026-02-11,525,770,0.6818
2026-02-12,489,771,0.6342
2026-02-13,516,771,0.6693
2026-02-17,517,772,0.6697
2026-02-18,518,773,0.6701
2026-02-19,518,773,0.6701
2026-02-20,539,773,0.6973
2026-02-23,518,773,0.6701
2026-02-24,539,773,0.6973
2026-02-25,539,773,0.6973
2026-02-26,539,773,0.6973
2026-02-27,540,774,0.6977
2026-03-02,541,775,0.6981
2026-03-03,530,775,0.6839
2026-03-04,535,775,0.6903
2026-03-05,530,775,0.6839
2026-03-06,395,775,0.5097
2026-03-09,523,775,0.6748
2026-03-10,463,775,0.5974
2026-03-11,448,775,0.5781
2026-03-12,420,776,0.5412
2026-03-13,408,776,0.5258
2026-03-16,408,776,0.5258
2026-03-17,418,776,0.5387
2026-03-18,372,776,0.4794
2026-03-19,408,776,0.5258
2026-03-20,238,776,0.3067
2026-03-23,315,777,0.4054
2026-03-24,315,777,0.4054
2026-03-25,380,777,0.4891
2026-03-26,305,777,0.3925
2026-03-27,221,777,0.2844
2026-03-30,205,777,0.2638
2026-03-31,348,777,0.4479
2026-04-01,383,777,0.4929
2026-04-02,394,777,0.5071
2026-04-06,440,777,0.5663
2026-04-07,383,777,0.4929
2026-04-08,510,777,0.6564
2026-04-09,510,777,0.6564
2026-04-10,510,777,0.6564
2026-04-13,429,777,0.5521
2026-04-14,450,777,0.5792
2026-04-15,486,777,0.6255
2026-04-16,552,777,0.7104
2026-04-17,569,777,0.7323
2026-04-20,633,777,0.8147
2026-04-21,507,777,0.6525
2026-04-22,507,777,0.6525
2026-04-23,519,777,0.668
2026-04-24,503,777,0.6474
2026-04-27,481,777,0.619
2026-04-28,457,777,0.5882
2026-04-29,455,777,0.5856
2026-04-30,514,777,0.6615
2026-05-01,514,777,0.6615
2026-05-04,506,777,0.6512
2026-05-05,493,777,0.6345
2026-05-06,519,777,0.668
2026-05-07,576,777,0.7413
2026-05-08,550,777,0.7079
2026-05-11,576,777,0.7413
2026-05-12,574,777,0.7387
2026-05-13,491,777,0.6319
2026-05-14,548,777,0.7053
2026-05-15,488,777,0.6281
2026-05-18,452,777,0.5817
2026-05-19,395,777,0.5084
2026-05-20,488,777,0.6281
2026-05-21,493,777,0.6345
2026-05-22,590,777,0.7593
2026-05-26,523,777,0.6731
2026-05-27,559,777,0.7194
2026-05-28,559,777,0.7194
2026-05-29,501,777,0.6448
2026-06-01,492,777,0.6332
2026-06-02,460,777,0.592
2026-06-03,456,777,0.5869
2026-06-04,664,777,0.8546
2026-06-05,563,777,0.7246
2026-06-08,527,777,0.6782
2026-06-09,580,777,0.7465
2026-06-10,522,777,0.6718
2026-06-11,670,777,0.8623
2026-06-12,598,777,0.7696
2026-06-15,532,777,0.6847
2026-06-16,526,777,0.677
2026-06-17,479,777,0.6165
2026-06-18,422,777,0.5431
2026-06-22,417,777,0.5367
2026-06-23,437,777,0.5624
2026-06-24,474,777,0.61
2026-06-25,474,777,0.61
2026-06-26,548,777,0.7053
2026-06-29,536,777,0.6898
2026-06-30,505,777,0.6499
2026-07-01,505,777,0.6499
2026-07-02,568,777,0.731
2026-07-06,458,777,0.5894
2026-07-07,520,777,0.6692
2026-07-08,515,777,0.6628
2026-07-09,550,777,0.7079
2026-07-10,567,777,0.7297
2026-07-13,595,777,0.7658
2026-07-14,581,777,0.7477
2026-07-15,482,777,0.6203
2026-07-16,489,777,0.6293
2026-07-17,581,777,0.7477
2026-07-20,490,777,0.6306
2026-07-21,574,777,0.7387
2026-07-22,634,777,0.816
2026-07-23,544,777,0.7001
2026-07-24,524,777,0.6744
2026-07-27,649,777,0.8353
2026-07-28,589,777,0.758
2026-07-29,506,777,0.6512
2026-07-30,626,777,0.8057
2026-07-31,631,777,0.8121
2026-08-03,653,777,0.8404
2026-08-04,686,777,0.8829
2026-08-05,595,777,0.7658
2026-08-06,661,777,0.8507
2026-08-07,622,777,0.8005
2026-08-10,688,777,0.8855
2026-08-11,697,777,0.897
2026-08-12,704,777,0.906
2026-08-13,725,777,0.9331
2026-08-14,725,777,0.9331
2026-08-17,704,777,0.906
2026-08-18,685,777,0.8816
2026-08-19,694,777,0.8932
2026-08-20,694,777,0.8932
2026-08-21,694,777,0.8932
2026-08-24,632,777,0.8134
2026-08-25,657,777,0.8456
2026-08-26,636,777,0.8185
2026-08-27,662,777,0.852
2026-08-28,567,777,0.7297
2026-08-31,510,777,0.6564
2026-09-01,496,777,0.6384
2026-09-02,496,777,0.6384
2026-09-03,517,777,0.6654
2026-09-04,496,777,0.6384
2026-09-08,483,777,0.6216
2026-09-09,440,777,0.5663
2026-09-10,440,777,0.5663
2026-09-11,450,777,0.5792
2026-09-14,458,777,0.5894
2026-09-15,458,777,0.5894
2026-09-16,463,777,0.5959
2026-09-17,463,777,0.5959
2026-09-18,442,777,0.5689
2026-09-21,531,777,0.6834
2026-09-22,430,777,0.5534
2026-09-23,425,777,0.547
2026-09-24,422,777,0.5431
2026-09-25,430,777,0.5534
2026-09-28,398,777,0.5122
