mode,trigger,fill,stop_ref,regime,n,win_pct,avgR,medR,pf,totalR,avg_held,avg_r0_pct,R_per_1000_slot_days,peakR,give_back_pct
A_close_close,close,close,same,all,7568,36.5,0.219,-0.404,1.429,1657.6,30.7,10.6,7.14,13168.4,87.4
A_close_close,close,close,same,bull,5891,35.9,0.229,-0.425,1.444,1350.0,30.6,10.48,7.48,10354.8,87.0
A_close_close,close,close,same,neutral,824,39.9,0.241,-0.286,1.51,198.8,30.4,10.98,7.93,1432.9,86.1
A_close_close,close,close,same,bear,853,37.4,0.128,-0.346,1.252,108.8,31.1,11.05,4.11,1380.6,92.1
B_close_nextopen,close,nextopen,same,all,7552,37.0,0.225,-0.379,1.434,1702.2,30.7,10.6,7.35,13153.3,87.1
B_close_nextopen,close,nextopen,same,bull,5877,36.3,0.235,-0.407,1.448,1382.3,30.6,10.48,7.68,10339.9,86.6
B_close_nextopen,close,nextopen,same,neutral,822,41.1,0.254,-0.262,1.536,208.9,30.5,10.98,8.33,1432.8,85.4
B_close_nextopen,close,nextopen,same,bear,853,38.5,0.13,-0.323,1.247,110.9,31.1,11.05,4.19,1380.6,92.0
C_close_nextopen_prev,close,nextopen,prev,all,7532,37.0,0.261,-0.381,1.499,1968.6,30.8,10.6,8.48,13691.1,85.6
C_close_nextopen_prev,close,nextopen,prev,bull,5861,36.3,0.287,-0.407,1.546,1681.7,30.8,10.48,9.3,10879.5,84.5
C_close_nextopen_prev,close,nextopen,prev,neutral,820,41.1,0.222,-0.272,1.44,182.0,30.6,10.94,7.26,1435.2,87.3
C_close_nextopen_prev,close,nextopen,prev,bear,851,38.4,0.123,-0.327,1.233,104.8,31.0,11.04,3.97,1376.4,92.4
D_intraday_stop,low,stop,prev,all,8301,35.7,0.164,-0.364,1.399,1362.8,24.7,10.79,6.66,11299.3,87.9
D_intraday_stop,low,stop,prev,bull,6495,34.9,0.16,-0.383,1.383,1040.3,24.6,10.69,6.52,8861.7,88.3
D_intraday_stop,low,stop,prev,neutral,888,41.0,0.284,-0.223,1.779,252.2,25.6,11.14,11.1,1321.9,80.9
D_intraday_stop,low,stop,prev,bear,918,36.2,0.077,-0.343,1.19,70.3,24.4,11.14,3.14,1115.8,93.7
E_close_close_prev,close,close,prev,all,7547,36.6,0.254,-0.405,1.494,1916.3,30.8,10.6,8.24,13705.6,86.0
E_close_close_prev,close,close,prev,bull,5874,36.0,0.277,-0.428,1.533,1626.1,30.8,10.49,8.98,10893.9,85.1
E_close_close_prev,close,close,prev,neutral,822,39.8,0.225,-0.292,1.463,185.3,30.5,10.93,7.39,1435.3,87.1
E_close_close_prev,close,close,prev,bear,851,37.5,0.123,-0.346,1.242,104.9,31.0,11.04,3.98,1376.4,92.4
