rule,filter,slots,signals,taken,take_pct,totalR,maxDD_R,R_per_DD,maxDD_pct_at_025,dd_date,max_open,worst_loss_streak,avg_held
0_prod,none,22,7728,706,9.1,73.6,93.7,0.79,23.4,2025-05-01,22,21,33.8
0_prod,strong,22,2028,576,28.4,253.5,70.1,3.62,17.5,2025-04-08,22,16,36.9
0_prod,strong+R0>=8,22,1715,524,30.6,299.8,54.0,5.55,13.5,2025-04-08,22,20,40.4
1_cand_2.0_hc55_5.0,none,22,6613,533,8.1,311.4,220.0,1.42,55.0,2025-04-08,22,22,45.1
1_cand_2.0_hc55_5.0,strong,22,1808,459,25.4,554.0,224.4,2.47,56.1,2026-08-03,22,25,47.7
1_cand_2.0_hc55_5.0,strong+R0>=8,22,1808,459,25.4,554.0,224.4,2.47,56.1,2026-08-03,22,25,47.7
2_init1.8_hc55_5.0,none,22,6793,538,7.9,344.4,223.9,1.54,56.0,2025-05-01,22,20,44.8
2_init1.8_hc55_5.0,strong,22,1864,473,25.4,671.7,248.5,2.7,62.1,2026-08-03,22,21,46.3
2_init1.8_hc55_5.0,strong+R0>=8,22,1736,474,27.3,662.5,249.0,2.66,62.2,2026-07-27,22,22,46.0
3_init2.2_hc55_5.0,none,22,6463,526,8.1,319.2,237.2,1.35,59.3,2025-04-08,22,23,45.8
3_init2.2_hc55_5.0,strong,22,1777,452,25.4,279.6,175.1,1.6,43.8,2025-05-01,22,24,48.5
3_init2.2_hc55_5.0,strong+R0>=8,22,1777,452,25.4,279.6,175.1,1.6,43.8,2025-05-01,22,24,48.5
4_cand_2.0_entry_5.0,none,22,6613,533,8.1,323.1,219.6,1.47,54.9,2025-04-08,22,22,45.0
4_cand_2.0_entry_5.0,strong,22,1807,455,25.2,570.3,222.5,2.56,55.6,2026-07-28,22,24,48.1
4_cand_2.0_entry_5.0,strong+R0>=8,22,1807,455,25.2,570.3,222.5,2.56,55.6,2026-07-28,22,24,48.1
5_hc55_k4.5,none,22,6382,467,7.3,214.8,111.2,1.93,27.8,2026-07-29,22,23,51.6
5_hc55_k4.5,strong,22,1771,435,24.6,333.7,126.1,2.65,31.5,2025-04-08,22,27,50.5
5_hc55_k4.5,strong+R0>=8,22,1651,426,25.8,352.9,136.9,2.58,34.2,2025-04-08,22,27,51.4
0_prod,none,52,7728,1641,21.2,597.8,285.6,2.09,71.4,2026-07-23,52,25,32.4
0_prod,strong,52,2028,1214,59.9,503.1,131.6,3.82,32.9,2023-04-26,52,18,35.7
0_prod,strong+R0>=8,52,1715,1106,64.5,573.2,134.6,4.26,33.6,2025-04-08,52,31,38.4
1_cand_2.0_hc55_5.0,none,52,6613,1162,17.6,927.2,359.3,2.58,89.8,2026-08-03,52,35,47.1
1_cand_2.0_hc55_5.0,strong,52,1808,1023,56.6,1185.1,433.5,2.73,108.4,2026-07-29,52,28,45.2
1_cand_2.0_hc55_5.0,strong+R0>=8,52,1808,1023,56.6,1185.1,433.5,2.73,108.4,2026-07-29,52,28,45.2
2_init1.8_hc55_5.0,none,52,6793,1230,18.1,568.9,346.3,1.64,86.6,2025-04-08,52,37,44.3
2_init1.8_hc55_5.0,strong,52,1864,1073,57.6,1264.9,475.4,2.66,118.8,2026-07-29,52,32,42.2
2_init1.8_hc55_5.0,strong+R0>=8,52,1736,1055,60.8,1302.9,470.3,2.77,117.6,2026-07-29,52,41,42.3
3_init2.2_hc55_5.0,none,52,6463,1137,17.6,757.1,332.4,2.28,83.1,2026-07-27,52,30,48.1
3_init2.2_hc55_5.0,strong,52,1777,983,55.3,1086.9,411.7,2.64,102.9,2026-08-03,52,28,47.4
3_init2.2_hc55_5.0,strong+R0>=8,52,1777,983,55.3,1086.9,411.7,2.64,102.9,2026-08-03,52,28,47.4
4_cand_2.0_entry_5.0,none,52,6613,1171,17.7,608.0,329.2,1.85,82.3,2025-04-08,52,32,46.7
4_cand_2.0_entry_5.0,strong,52,1807,1027,56.8,921.2,335.6,2.75,83.9,2025-04-08,52,24,44.9
4_cand_2.0_entry_5.0,strong+R0>=8,52,1807,1027,56.8,921.2,335.6,2.75,83.9,2025-04-08,52,24,44.9
5_hc55_k4.5,none,52,6382,1097,17.2,338.6,151.9,2.23,38.0,2026-07-24,52,27,50.0
5_hc55_k4.5,strong,52,1771,961,54.3,598.5,217.7,2.75,54.4,2025-04-08,52,19,48.4
5_hc55_k4.5,strong+R0>=8,52,1651,921,55.8,626.8,218.3,2.87,54.6,2025-04-08,52,21,50.0
