rule,anchor,k_trail,k_init,regime,n,win_pct,avgR,medR,pf,pf_lo,pf_hi,pf_ci_width,totalR,avg_held,avg_r0_pct,R_per_1000_slot_days,peakR,give_back_pct
0_prod,hc55,step,=trail,all,7532,37.0,0.261,-0.381,1.499,1.323,1.735,0.411,1968.6,30.8,10.6,8.48,13691.1,85.6
1_cand_2.0_hc55_5.0,hc55,5.0,2.0,all,6317,31.3,0.537,-0.874,1.724,1.538,1.963,0.425,3391.6,44.7,7.4,12.0,19579.0,82.7
2_init1.8_hc55_5.0,hc55,5.0,1.8,all,6507,29.7,0.55,-0.902,1.697,1.502,1.934,0.432,3576.1,42.2,6.71,13.02,21203.8,83.1
3_init2.2_hc55_5.0,hc55,5.0,2.2,all,6154,32.6,0.517,-0.836,1.737,1.549,1.97,0.421,3182.2,47.0,8.09,11.01,18105.0,82.4
4_cand_2.0_entry_5.0,entry,5.0,2.0,all,6318,31.7,0.543,-0.881,1.732,1.546,1.978,0.431,3433.8,44.7,7.41,12.17,19568.0,82.5
5_hc55_k4.5,hc55,4.5,=trail,all,6073,37.2,0.329,-0.383,1.711,1.504,1.971,0.467,1996.3,48.8,13.81,6.74,11384.1,82.5
0_prod,hc55,step,=trail,bull,5861,36.3,0.287,-0.407,1.546,1.339,1.815,0.476,1681.7,30.8,10.48,9.3,10879.5,84.5
1_cand_2.0_hc55_5.0,hc55,5.0,2.0,bull,4847,30.3,0.588,-0.887,1.775,1.537,2.069,0.531,2849.6,43.6,7.29,13.49,15623.9,81.8
2_init1.8_hc55_5.0,hc55,5.0,1.8,bull,4994,28.7,0.6,-0.92,1.745,1.505,2.024,0.519,2998.3,41.0,6.61,14.66,16887.4,82.2
3_init2.2_hc55_5.0,hc55,5.0,2.2,bull,4711,31.8,0.575,-0.858,1.802,1.567,2.085,0.518,2707.4,46.1,7.97,12.47,14496.6,81.3
4_cand_2.0_entry_5.0,entry,5.0,2.0,bull,4845,30.7,0.599,-0.896,1.79,1.55,2.072,0.522,2904.4,43.5,7.29,13.77,15636.6,81.4
5_hc55_k4.5,hc55,4.5,=trail,bull,4636,36.8,0.367,-0.406,1.784,1.528,2.122,0.595,1700.9,48.9,13.66,7.51,9051.7,81.2
0_prod,hc55,step,=trail,neutral,820,41.1,0.222,-0.272,1.44,1.124,1.893,0.769,182.0,30.6,10.94,7.26,1435.2,87.3
1_cand_2.0_hc55_5.0,hc55,5.0,2.0,neutral,704,34.9,0.587,-0.761,1.882,1.414,2.463,1.049,413.3,48.7,7.82,12.06,2120.9,80.5
2_init1.8_hc55_5.0,hc55,5.0,1.8,neutral,726,33.9,0.599,-0.797,1.861,1.438,2.364,0.926,435.1,46.7,7.08,12.84,2295.9,81.0
3_init2.2_hc55_5.0,hc55,5.0,2.2,neutral,687,35.4,0.542,-0.697,1.855,1.413,2.37,0.957,372.6,50.0,8.53,10.85,1928.7,80.7
4_cand_2.0_entry_5.0,entry,5.0,2.0,neutral,705,35.3,0.56,-0.801,1.834,1.397,2.302,0.906,394.6,49.1,7.83,11.4,2099.5,81.2
5_hc55_k4.5,hc55,4.5,=trail,neutral,694,39.0,0.303,-0.283,1.695,1.288,2.163,0.875,210.5,47.9,14.21,6.34,1244.9,83.1
0_prod,hc55,step,=trail,bear,851,38.4,0.123,-0.327,1.233,0.969,1.535,0.566,104.8,31.0,11.04,3.97,1376.4,92.4
1_cand_2.0_hc55_5.0,hc55,5.0,2.0,bear,766,34.3,0.168,-0.764,1.238,1.005,1.518,0.512,128.8,48.3,7.76,3.48,1834.1,93.0
2_init1.8_hc55_5.0,hc55,5.0,1.8,bear,787,32.5,0.181,-0.818,1.238,0.981,1.483,0.502,142.6,46.1,7.02,3.93,2020.4,92.9
3_init2.2_hc55_5.0,hc55,5.0,2.2,bear,756,35.1,0.135,-0.704,1.201,0.96,1.465,0.505,102.2,49.7,8.48,2.72,1679.7,93.9
4_cand_2.0_entry_5.0,entry,5.0,2.0,bear,768,34.6,0.176,-0.764,1.248,1.008,1.52,0.512,134.8,47.9,7.76,3.67,1831.9,92.6
5_hc55_k4.5,hc55,4.5,=trail,bear,743,37.8,0.114,-0.321,1.253,0.994,1.579,0.585,84.9,48.8,14.37,2.34,1087.6,92.2
0_prod,hc55,step,=trail,atr_0-2.5,2706,36.1,0.074,-0.406,1.138,1.009,1.302,0.293,201.2,26.7,6.0,2.78,3898.5,94.8
0_prod,hc55,step,=trail,atr_2.5-4,2889,38.9,0.145,-0.328,1.287,1.158,1.44,0.281,418.6,32.1,9.91,4.52,4552.0,90.8
0_prod,hc55,step,=trail,atr_4-6,1380,36.0,0.439,-0.416,1.817,1.472,2.184,0.712,605.7,34.1,15.17,12.85,3026.6,80.0
0_prod,hc55,step,=trail,atr_6-inf,557,34.1,1.334,-0.479,3.612,1.908,7.004,5.096,743.1,36.1,25.14,36.92,2214.1,66.4
1_cand_2.0_hc55_5.0,hc55,5.0,2.0,atr_0-2.5,2117,30.2,0.211,-0.902,1.268,1.102,1.456,0.354,446.5,43.4,4.31,4.86,5166.6,91.4
1_cand_2.0_hc55_5.0,hc55,5.0,2.0,atr_2.5-4,2510,32.1,0.468,-0.857,1.641,1.418,1.923,0.505,1174.4,46.4,6.77,10.08,7174.4,83.6
1_cand_2.0_hc55_5.0,hc55,5.0,2.0,atr_4-6,1168,32.4,0.916,-0.859,2.286,1.695,3.049,1.353,1070.2,46.2,10.4,19.83,4467.1,76.0
1_cand_2.0_hc55_5.0,hc55,5.0,2.0,atr_6-inf,522,29.5,1.342,-0.86,2.988,1.768,4.835,3.067,700.5,38.8,16.27,34.6,2770.9,74.7
2_init1.8_hc55_5.0,hc55,5.0,1.8,atr_0-2.5,2193,28.4,0.218,-0.919,1.262,1.098,1.472,0.374,477.9,40.7,3.92,5.35,5660.9,91.6
2_init1.8_hc55_5.0,hc55,5.0,1.8,atr_2.5-4,2569,31.0,0.48,-0.886,1.617,1.383,1.888,0.506,1234.0,44.3,6.14,10.85,7779.4,84.1
2_init1.8_hc55_5.0,hc55,5.0,1.8,atr_4-6,1208,30.4,0.953,-0.895,2.262,1.65,3.081,1.431,1151.8,43.2,9.44,22.08,4843.8,76.2
2_init1.8_hc55_5.0,hc55,5.0,1.8,atr_6-inf,537,27.7,1.327,-0.899,2.818,1.713,4.55,2.837,712.4,36.3,14.73,36.5,2919.6,75.6
3_init2.2_hc55_5.0,hc55,5.0,2.2,atr_0-2.5,2076,31.2,0.195,-0.879,1.26,1.102,1.451,0.35,405.1,45.2,4.71,4.31,4783.1,91.5
3_init2.2_hc55_5.0,hc55,5.0,2.2,atr_2.5-4,2423,33.8,0.468,-0.804,1.682,1.448,1.963,0.515,1134.2,49.2,7.4,9.51,6627.8,82.9
3_init2.2_hc55_5.0,hc55,5.0,2.2,atr_4-6,1145,33.4,0.866,-0.811,2.284,1.679,3.127,1.448,991.8,47.9,11.36,18.08,4126.7,76.0
3_init2.2_hc55_5.0,hc55,5.0,2.2,atr_6-inf,510,31.0,1.277,-0.818,2.993,1.773,4.85,3.076,651.0,41.2,17.77,30.98,2567.3,74.6
4_cand_2.0_entry_5.0,entry,5.0,2.0,atr_0-2.5,2117,30.5,0.225,-0.901,1.288,1.122,1.473,0.351,476.5,43.1,4.31,5.23,5148.4,90.7
4_cand_2.0_entry_5.0,entry,5.0,2.0,atr_2.5-4,2512,32.5,0.468,-0.864,1.639,1.414,1.913,0.499,1176.5,46.4,6.78,10.09,7160.7,83.6
4_cand_2.0_entry_5.0,entry,5.0,2.0,atr_4-6,1163,32.8,0.898,-0.882,2.247,1.668,3.04,1.372,1044.5,46.1,10.39,19.5,4413.9,76.3
4_cand_2.0_entry_5.0,entry,5.0,2.0,atr_6-inf,526,30.4,1.4,-0.877,3.07,1.88,4.878,2.998,736.4,39.6,16.26,35.38,2845.0,74.1
5_hc55_k4.5,hc55,4.5,=trail,atr_0-2.5,2022,36.4,0.08,-0.393,1.171,1.032,1.335,0.303,160.7,48.0,8.77,1.66,2691.8,94.0
5_hc55_k4.5,hc55,4.5,=trail,atr_2.5-4,2401,38.8,0.256,-0.343,1.564,1.356,1.819,0.463,614.9,50.6,12.74,5.06,4013.9,84.7
5_hc55_k4.5,hc55,4.5,=trail,atr_4-6,1149,36.0,0.533,-0.426,2.119,1.631,2.741,1.11,611.9,48.1,18.51,11.08,2666.9,77.1
5_hc55_k4.5,hc55,4.5,=trail,atr_6-inf,501,35.1,1.215,-0.432,3.627,2.026,6.3,4.274,608.8,44.4,28.52,27.35,2011.5,69.7
