ticker,signal_date,exit_date,closed,entry,exit,r0,R,move_pct,peak_pct,held,r0_pct,er22,er55,fresh,dd_pct,hi_age,atr_pct,dev,selfvol,tier
ANET,2021-12-23,2022-01-07,1,35.4625,32.37,4.774,-0.648,-8.72,3.52,10,13.462,0.23043267318061186,0.4170503233701307,0.0,0.0,1,3.279,2.7518592775544555,0.3139764981330484,mid
AVT,2021-12-23,2022-01-21,1,40.25,39.17,3.6286,-0.298,-2.68,5.09,19,9.015,0.0776092148968585,0.09919572847358471,0.662,1.69,33,2.554,1.951486760155685,0.0742089409561677,mid
AXTI,2021-12-23,2022-01-19,1,8.8,7.81,1.3707,-0.722,-11.25,3.98,17,15.576,0.02783727746668216,0.09456739149258396,1.417,6.76,32,5.052,1.3034152138372745,0.017000698570659667,mid
BHE,2021-12-23,2022-01-19,1,26.43,25.46,2.1262,-0.456,-3.67,5.41,17,8.045,0.05701760073081577,0.01871517785043564,1.345,3.77,54,2.869,1.9125947180062473,0.08864593425660261,mid
CDW,2021-12-23,2022-01-13,1,202.76,194.05,23.2733,-0.374,-4.3,2.65,14,11.478,0.07966966579642981,0.19673432561956522,0.0,0.0,20,2.757,1.7762575114152137,0.21802560253252756,mid
CIEN,2021-12-27,2022-01-13,1,77.24,72.17,8.3206,-0.609,-6.56,0.47,13,10.772,0.6143529973928981,0.5097016934697032,0.0,0.0,1,2.572,4.449046012429035,0.2616674757221651,mid
AMKR,2021-12-29,2022-01-19,1,24.81,22.56,2.9426,-0.765,-9.07,5.76,14,11.86,0.2114754234197107,0.010003484415923466,0.845,3.05,26,3.675,2.141058974960148,-0.002148631333541151,mid
APH,2021-12-29,2022-01-07,1,43.97,41.06,3.08,-0.945,-6.62,0.0,7,7.005,0.2662173657761528,0.26508762018654697,0.0,0.0,1,1.843,2.8934977717411083,0.16262358380961284,mid
ACLS,2021-12-31,2022-01-19,1,74.56,62.84,12.5014,-0.937,-15.72,2.96,12,16.767,0.2973854905482085,0.3537545717065507,0.0,0.0,2,4.149,2.575300166538678,0.19338846206557436,mid
AEHR,2021-12-31,2022-01-07,1,24.18,16.09,6.1668,-1.312,-33.46,0.0,5,25.504,0.347736627735105,0.06904233754561902,1.219,8.9,38,7.772,3.5159628146132125,0.08940641239756641,strong
COHR,2022-01-03,2022-01-19,1,71.53,65.96,8.9759,-0.621,-7.79,4.14,11,12.548,0.36955781178748004,0.26408923060148726,0.0,0.0,12,3.039,2.00544072746069,0.05252668412723738,mid
BELFB,2022-01-11,2022-01-20,1,14.01,12.73,0.9814,-1.304,-9.14,0.0,6,7.005,0.4498570717707115,0.15424617327817558,2.082,6.88,45,3.496,2.5397936776609282,-0.1220519046436207,strong
COHR,2022-03-29,2022-04-08,1,74.48,65.22,11.4025,-0.812,-12.43,0.0,8,15.31,0.08552201076267066,0.028253358383751224,0.111,0.43,28,3.879,2.245513183646253,0.08125691484374475,mid
AVT,2022-07-28,2022-08-09,1,47.12,45.36,2.4909,-0.707,-3.74,2.19,8,5.286,0.30587175667254196,0.007629493697119507,2.167,5.46,35,2.625,2.665800636427245,-0.06787146941620659,strong
BDC,2022-07-28,2022-08-31,1,64.29,65.48,8.0841,0.147,1.85,10.2,24,12.574,0.5186586956212272,0.14003878974179673,0.0,0.0,5,3.046,3.1983272160368394,-0.03083216043753978,strong
ANET,2022-07-29,2022-08-31,1,29.1575,29.97,4.0093,0.203,2.79,13.81,23,13.751,0.48447069176889934,0.09476797223895013,0.0,0.0,1,3.355,3.7932404229119308,-0.06704194441882994,strong
BHE,2022-07-29,2022-09-02,1,25.58,26.44,2.0313,0.423,3.36,13.45,25,7.941,0.34981481730345987,0.046720562011878866,1.325,3.63,36,2.804,3.7002889020787904,-0.0011642242360069277,strong
AEHR,2022-08-01,2022-09-06,1,12.37,13.13,4.2665,0.178,6.14,49.56,25,34.491,0.43992603295068106,0.24267400437035275,0.0,0.0,7,7.665,3.4051787336971384,0.10952097042197018,mid
ALGM,2022-08-01,2022-08-29,1,25.18,23.78,2.7929,-0.501,-5.56,6.24,20,11.092,0.4285715918951579,0.09971308358422015,1.01,3.57,42,3.617,4.055112805994269,-0.13915100727141017,strong
AMKR,2022-08-01,2022-08-31,1,20.47,20.13,2.3009,-0.148,-1.66,12.51,22,11.24,0.40635262053640164,0.08218642985833487,1.069,3.91,40,3.749,3.752193645375447,-0.10005673970246232,strong
AXTI,2022-08-03,2022-09-06,1,9.32,8.0,1.6272,-0.811,-14.16,4.51,23,17.459,0.7526203296333642,0.38461534797224894,0.0,0.0,2,4.331,6.196629263968695,0.17818353484701688,mid
BB,2022-08-04,2022-08-30,1,6.65,6.04,1.0645,-0.573,-9.17,5.56,18,16.008,0.3088685282853347,0.09580837354484976,0.0,0.0,1,3.949,2.611995381001621,-0.18915778410441364,strong
CIFR,2022-08-04,2022-08-22,1,2.1,1.73,0.3471,-1.066,-17.62,23.81,12,16.527,0.2636363232431342,0.055031424201814255,2.667,20.08,43,9.017,1.8669415251893666,-0.2536770104344541,strong
CRDO,2022-08-04,2022-09-08,1,16.29,12.76,4.844,-0.729,-21.67,0.0,24,29.736,0.39329536414380384,0.24894518750200054,0.0,0.0,4,6.608,3.4047361398929508,0.13275642391300146,mid
CHRN,2022-08-08,2022-09-19,1,30.525,30.9,2.7594,0.136,1.23,22.36,29,9.04,0.3170730920625784,0.09001635762002871,2.136,9.46,38,4.831,2.8082463076247213,-0.1816656836224798,strong
ADI,2022-08-12,2022-08-22,1,179.26,163.84,19.165,-0.805,-8.6,0.35,6,10.691,0.505123214756704,0.12376475886784925,0.0,0.0,5,2.55,2.3570057054593656,-0.06937999029423914,strong
APH,2022-08-12,2022-08-26,1,39.74,37.735,3.0003,-0.668,-5.05,0.83,10,7.55,0.6771339941873551,0.19856146317962675,0.0,0.0,2,1.987,3.779355897174045,-0.08587310424645733,strong
CIEN,2022-08-12,2022-08-31,1,54.7,50.74,6.0622,-0.653,-7.24,3.05,13,11.083,0.44102259581571446,0.12163571746131144,0.0,0.0,2,2.653,2.793213526859578,-0.12493998272602347,strong
ARQQ,2022-08-15,2022-08-19,1,163.0,143.0,18.1205,-1.104,-12.27,4.75,4,11.117,0.2065439672801636,0.010474430067775724,3.007,18.79,52,7.447,1.840310327082693,-0.42968865284018154,weak
AKAM,2022-08-16,2022-08-22,1,98.08,94.55,3.0693,-1.15,-3.6,0.0,4,3.129,0.399092029469683,0.038637337349658546,2.411,5.51,51,2.394,1.5325720279390744,-0.060196014338563364,strong
BELFB,2022-08-16,2022-09-23,1,27.31,24.47,4.119,-0.689,-10.4,4.06,27,15.083,0.7367269051041044,0.4682175327852712,0.0,0.0,1,3.706,4.466010293042165,0.2424063775447145,mid
CLS,2022-08-18,2022-08-30,1,11.64,10.2,1.5483,-0.93,-12.37,0.0,8,13.302,0.32631563308175754,0.05365000574553086,0.0,0.0,2,3.237,2.1694620024518056,-0.04719562210366124,strong
CRDO,2022-11-10,2022-12-23,1,14.36,12.96,2.021,-0.693,-9.75,6.96,30,14.074,0.5056432543584851,0.02577319638307702,1.685,7.86,54,5.0,2.3948462130031496,-0.07313510471882934,strong
ALGM,2022-11-11,2022-12-28,1,28.53,29.21,4.3719,0.156,2.38,15.7,31,15.324,0.6510637482781112,0.1077035566929545,0.0,0.0,1,3.769,4.311805135544982,0.05840421444155286,strong
AVT,2022-11-11,2022-12-19,1,44.24,41.53,3.1136,-0.87,-6.13,3.23,25,7.038,0.45509350489886113,0.040486859839635375,1.782,5.16,55,2.993,3.0948075367578234,0.03823558833517371,strong
BDC,2022-11-11,2022-12-15,1,79.22,74.55,9.977,-0.468,-5.89,3.45,23,12.594,0.593799218596793,0.12416557401818673,0.0,0.0,1,3.051,4.155081750366879,0.1363329655343397,strong
CLS,2022-11-11,2023-03-10,1,11.45,12.51,1.756,0.604,9.26,19.65,80,15.336,0.4921192390777514,0.010276691522767981,0.09,0.35,55,3.865,2.6530728662849485,0.0883160555064273,strong
ACLS,2022-11-15,2023-05-04,1,78.1,113.54,14.7145,2.409,45.38,70.87,116,18.841,0.6659102079382347,0.08277025720862019,0.0,0.0,2,4.695,4.445279755758647,0.008422832711557415,strong
AEHR,2022-11-15,2022-12-30,1,25.65,20.1,8.1028,-0.685,-21.64,5.65,31,31.59,0.4365970757406456,0.20573770333220645,0.0,0.0,1,7.02,2.649905463013837,0.20222219121845986,mid
ANET,2022-11-15,2022-12-16,1,33.1625,30.915,5.5707,-0.403,-6.78,5.38,22,16.798,0.458652918579571,0.07638163454000543,0.0,0.0,1,4.157,2.3231782438396795,0.16294145751601619,strong
ASX,2022-11-15,2022-12-28,1,6.36,6.16,0.9376,-0.213,-3.14,6.92,29,14.741,0.48125001676380735,0.09715995363346704,0.0,0.0,2,3.616,4.511085261963271,0.1069178193108764,strong
CAMT,2022-11-15,2022-11-18,1,25.7,23.42,2.2095,-1.032,-8.87,0.0,3,8.597,0.23488031461843661,0.06548429303449119,2.055,8.33,55,4.354,2.351949481208645,-0.02237270178546613,mid
AMKR,2022-11-17,2022-12-16,1,28.78,25.2,4.7512,-0.753,-12.44,0.0,20,16.509,0.7742407312740213,0.32852268049944866,0.0,0.0,2,4.081,5.788439169967123,0.26017936354042703,mid
ADI,2022-11-22,2023-01-05,1,168.43,159.69,22.3703,-0.391,-5.19,4.19,29,13.282,0.2748552565631427,0.12285608303855002,0.0,0.0,5,3.232,3.136936881379667,0.07192163309050525,strong
CDW,2022-11-22,2022-12-19,1,188.5,178.33,17.1641,-0.593,-5.4,2.38,18,9.106,0.5412078791918076,0.14123288695907651,0.0,0.0,2,2.456,2.5424192833986567,0.009288677512037768,strong
APH,2022-12-13,2022-12-19,1,40.985,37.975,3.2941,-0.914,-7.34,0.0,4,8.037,0.14824263567337648,0.2187401148118287,0.0,0.0,8,2.133,1.4882610244387953,-0.01954245435912194,weak
AEHR,2023-01-09,2023-04-05,1,26.45,27.57,8.6901,0.129,4.23,50.02,60,32.855,0.15475711868010508,0.12254573326935903,0.666,5.57,25,8.57,2.093577049462582,0.24007051427613701,mid
ASX,2023-01-09,2023-02-21,1,6.88,6.94,0.7592,0.079,0.87,11.05,29,11.035,0.09821437314453994,0.3238993067043818,0.208,0.59,26,2.794,2.2553059892016423,-0.014600082841251805,weak
CIFR,2023-01-09,2023-07-28,1,0.919,3.5,0.2773,9.308,280.85,466.92,138,30.173,0.024431375723365362,0.01212509482016809,2.3,24.58,50,13.718,2.2437014595801603,-0.15239305651859658,mid
APLD,2023-01-10,2023-03-07,1,2.17,2.39,0.371,0.593,10.14,57.14,38,17.097,0.3584905915007377,0.02654870010708792,2.466,17.79,43,8.408,2.2664034783230127,-0.08695747506017015,strong
CAMT,2023-01-10,2023-04-11,1,24.37,25.96,1.645,0.967,6.52,18.14,62,6.75,0.19037210814537747,0.04901292809097932,2.049,6.38,37,3.284,2.302758749246735,-0.17308579491380405,mid
ALGM,2023-01-12,2023-04-20,1,33.54,41.87,4.5945,1.813,24.84,43.08,67,13.699,0.07507090418573789,0.33669826250094576,0.0,0.0,20,3.342,2.7354914768846026,0.03833282598947996,weak
CHRN,2023-01-12,2023-02-22,1,26.7,24.3,8.1615,-0.294,-8.99,5.62,27,30.567,0.2377179042500926,0.16150297395088178,0.0,0.0,1,6.793,3.66137830358625,0.08047195562531506,mid
COHR,2023-01-13,2023-03-09,1,41.26,39.99,5.5285,-0.23,-3.08,12.12,37,13.399,0.2886038205695587,0.12258061788365056,0.547,2.07,40,3.811,3.668759555415997,-0.1386627583465233,strong
AVT,2023-01-17,2023-03-09,1,44.55,43.84,2.0459,-0.347,-1.59,5.39,36,4.592,0.08914711203012132,0.1289398044169118,1.634,3.44,30,2.156,2.3961204071483904,-0.1420345065107712,mid
CDW,2023-01-17,2023-03-01,1,197.62,200.78,15.2687,0.207,1.6,8.42,30,7.726,0.08247426874525536,0.23468741957099204,0.0,0.0,1,2.038,3.8306686664826444,-0.05623952811245969,weak
CLSK,2023-01-17,2023-01-18,1,2.72,2.53,0.0888,-2.14,-6.99,0.0,1,3.265,0.18749997671693944,0.14961830827366257,4.143,27.84,55,9.14,2.487720999374175,-0.1320988862737419,weak
AXTI,2023-01-18,2023-02-17,1,5.36,4.88,0.6525,-0.736,-8.96,20.9,22,12.174,0.07317088299419731,0.13470678032870928,0.84,3.11,36,3.775,3.385188336818627,-0.2161304686000559,mid
CLSK,2023-01-23,2023-03-01,1,2.83,2.58,0.5917,-0.423,-8.83,28.62,26,20.908,0.4054053257915749,0.06475904052472765,2.147,16.56,55,8.886,2.3202053070381456,-0.11617277919025115,strong
CRDO,2023-01-25,2023-02-15,1,17.46,10.3,3.3178,-2.158,-41.01,10.88,15,19.002,0.4333682780462343,0.16557529367421175,0.0,0.0,1,4.737,4.4356844369430615,0.09364932074283283,strong
BDC,2023-02-01,2023-03-13,1,82.32,82.11,6.1631,-0.034,-0.26,10.81,27,7.487,0.35619861781792284,0.06756977554499534,0.458,1.05,41,2.282,2.3765857246084505,-0.054940387271570246,strong
ADI,2023-02-02,2023-03-01,1,179.3,183.11,15.4119,0.247,2.12,9.41,18,8.596,0.29923574508649486,0.11527986996100931,0.0,0.0,1,2.302,2.718488699818931,-0.08599284632206283,strong
APH,2023-02-02,2023-02-22,1,41.045,38.595,3.0436,-0.805,-5.97,0.0,13,7.415,0.3285473072600092,0.05594818857089407,0.449,1.01,34,2.25,1.61391570076025,0.030750160503896673,strong
BB,2023-02-02,2023-02-03,1,4.58,4.46,0.0852,-1.408,-2.62,0.0,1,1.861,0.6055045379912886,0.06782606936131928,3.6,13.65,41,4.306,2.9637313283314914,-0.1044926634563671,weak
ANET,2023-02-07,2023-04-25,1,33.7275,38.395,2.6307,1.774,13.84,25.56,53,7.8,0.49111292019338215,0.03459016961392642,1.553,4.54,45,3.026,3.351612938374817,-0.023368545164825116,strong
ASX,2023-03-16,2023-04-13,1,7.67,7.31,0.7739,-0.465,-4.69,3.91,19,10.09,0.10344830106155678,0.2121212489942308,0.347,0.92,29,2.632,2.0109432831236096,0.06284538609791879,weak
APH,2023-03-30,2023-04-06,1,40.33,38.82,1.7658,-0.855,-3.74,1.31,5,4.378,0.1673774815314885,0.031021892729107933,1.491,2.78,39,1.896,1.7458144892865313,-0.07191972880345499,mid
CIEN,2023-03-30,2023-04-19,1,51.95,47.01,6.1126,-0.808,-9.51,1.1,13,11.766,0.20393649959381516,0.0018761645511846318,0.428,1.36,40,3.193,1.2609157638622612,0.04785874273872004,mid
ADI,2023-03-31,2023-04-25,1,197.22,181.14,15.4671,-1.04,-8.15,0.0,16,7.843,0.2794612611452764,0.21928215997781872,0.42,1.0,31,2.376,2.350457724676539,0.024042928378272377,mid
BDC,2023-04-03,2023-04-05,1,87.77,80.26,5.0384,-1.491,-8.56,0.0,2,5.74,0.08759941788639526,0.11384025532700077,1.964,4.88,32,2.582,1.6174054091002863,0.013300060474174646,mid
BB,2023-04-04,2023-04-24,1,4.64,4.08,0.7952,-0.704,-12.07,0.0,13,17.137,0.19847328383205284,0.14586992017629397,0.099,0.44,42,4.36,4.075446780319652,0.00725437363356729,mid
BELFB,2023-05-02,2023-07-31,1,43.58,53.65,8.0041,1.258,23.11,42.47,61,18.366,0.27470872265166824,0.0721976865096857,0.0,0.0,1,4.57,4.438518122062455,0.18730521952454304,strong
BB,2023-05-05,2023-06-21,1,4.69,4.83,0.75,0.187,2.99,15.57,31,15.992,0.024875713950877714,0.056939528652438766,0.0,0.0,22,3.945,2.2699102733432026,-0.01472608370323647,mid
AKAM,2023-05-16,2023-06-21,1,86.87,88.07,6.8041,0.176,1.38,8.02,24,7.832,0.17307681139175543,0.25474001407864705,0.0,0.0,1,2.07,3.1577374097745268,0.006929282494597233,mid
CAMT,2023-05-17,2023-10-20,1,28.36,52.22,3.06,7.797,84.13,124.65,108,10.79,0.33117565047348313,0.05086133821827244,0.457,1.34,52,2.929,2.2368835608880637,-0.030933312550806003,strong
ADI,2023-05-18,2023-05-24,1,192.26,173.2,7.9178,-2.407,-9.91,0.0,4,4.118,0.056803547230101004,0.07713047974542546,1.849,3.87,33,2.149,2.304759196668282,-0.043829105084356446,mid
BHE,2023-05-23,2023-08-09,1,23.03,25.57,0.5764,4.407,11.03,18.06,53,2.503,0.2674418776577184,0.059805182549010426,2.638,5.74,52,2.271,2.907859944714269,-0.11289852950190371,strong
ASX,2023-05-25,2023-06-30,1,7.56,7.79,0.0946,2.432,3.04,18.52,24,1.251,0.3588516484419062,0.0016366985078354248,3.179,6.27,38,2.08,3.2303345057286386,-0.07215326315323489,weak
BDC,2023-05-26,2023-08-03,1,89.82,88.79,7.7446,-0.133,-1.15,10.24,46,8.622,0.6189535830848885,0.067432681920452,0.0,0.0,1,2.31,3.507777204221498,-0.05344282010163437,strong
ARQQ,2023-05-31,2023-08-07,1,35.5,26.25,17.6731,-0.523,-26.06,11.97,46,49.783,0.149638800533223,0.10672358504350445,0.297,3.55,39,11.845,2.1661045518321456,-0.285029869000495,mid
APH,2023-06-02,2023-06-05,1,38.785,38.35,0.3169,-1.373,-1.12,0.0,1,0.817,0.12650268033583353,0.035672623013982656,3.369,6.06,43,1.894,1.5135016887337143,-0.02252699509039713,weak
CLS,2023-06-02,2023-10-26,1,13.12,22.68,1.5551,6.147,72.87,107.85,101,11.853,0.6059109921707142,0.12339586412220438,0.0,0.0,3,2.856,4.360596297292071,0.05123245066600424,strong
COHR,2023-06-02,2023-08-01,1,38.98,46.94,8.8346,0.901,20.42,41.89,40,22.665,0.21938582682943833,0.07056865834047038,0.0,0.0,3,5.037,3.592510845638488,0.13503151239919098,mid
AAOI,2023-06-05,2023-07-27,1,2.33,6.19,0.4748,8.129,165.67,357.51,36,20.378,0.3121387458492078,0.03232759938494187,1.237,7.26,55,6.245,3.317542788706307,-0.05431540193348949,strong
ACLS,2023-06-06,2023-08-09,1,165.09,171.91,27.0774,0.252,4.13,21.44,44,16.402,0.6529449321921162,0.24392992240981337,0.0,0.0,1,4.053,3.445573508283629,0.16110444218329456,mid
AEHR,2023-06-06,2023-08-17,1,42.53,39.89,10.8563,-0.243,-6.21,26.24,50,25.526,0.6106705933945766,0.13572749016055777,0.0,0.0,2,5.672,4.422159621011836,0.035443474883232406,strong
APLD,2023-06-06,2023-08-15,1,9.69,6.56,4.5463,-0.688,-32.3,5.68,48,46.918,0.48459805982429643,0.44970760538861715,0.0,0.0,1,10.426,2.8108024967349325,0.8033834114210467,mid
APH,2023-06-12,2023-09-20,1,39.805,42.405,1.1946,2.176,6.53,11.64,69,3.001,0.20970209872112133,0.029126301292697658,2.074,3.51,49,1.739,2.4956271635655902,-0.059061778654597163,mid
AVT,2023-06-12,2023-07-21,1,47.37,47.32,4.3018,-0.012,-0.11,6.84,27,9.081,0.36591976654990366,0.14629251878362864,0.0,0.0,2,2.449,3.2455688508659537,0.08721620593068402,strong
AEVA,2023-06-13,2023-08-08,1,7.35,5.5,2.5053,-0.738,-25.17,0.68,38,34.086,0.31295483020331794,0.09421700370798954,0.0,0.0,5,7.575,2.2946374194347996,-0.08569659111592143,strong
AMKR,2023-06-13,2023-08-11,1,27.06,26.27,3.7115,-0.213,-2.92,10.13,41,13.716,0.4713216752005847,0.05621534578536112,0.0,0.0,1,3.346,2.923769749232675,0.005418921894369433,strong
CRDO,2023-06-13,2023-07-20,1,17.5,15.76,4.3744,-0.398,-9.94,5.83,25,24.997,0.7940197740845788,0.4946466353550428,0.0,0.0,1,5.555,4.435297689044282,0.29305998517610865,mid
ALGM,2023-06-27,2023-08-01,1,42.59,45.24,1.9972,1.327,6.22,23.78,24,4.689,0.3798742349613372,0.05953243898967632,2.742,8.81,54,3.486,1.6345049487971646,-0.024589599206647272,strong
ADI,2023-06-30,2023-08-09,1,194.81,184.81,17.2605,-0.579,-5.13,2.42,27,8.86,0.36028186994734707,0.05998724134107357,0.0,0.0,3,2.382,1.9936962990797236,0.005389639503272425,strong
CHRN,2023-06-30,2023-07-06,1,21.45,19.725,2.1902,-0.788,-8.04,0.0,3,10.211,0.13750012715657553,0.06202204875487573,3.027,17.54,49,6.931,0.8096713948734295,0.048032751372843796,weak
CLSK,2023-07-03,2023-08-03,1,4.87,5.5,1.6249,0.388,12.94,53.39,22,33.366,0.15934060247837367,0.08237375674440463,0.6,4.97,52,8.555,1.732891358465629,0.11274103082606057,mid
AKAM,2023-07-18,2023-10-23,1,93.8,103.48,4.6684,2.073,10.32,15.66,68,4.977,0.1143402306362474,0.2591162407222361,0.562,0.86,29,1.537,2.4807620581627536,-0.08453511474048558,weak
ANET,2023-07-18,2023-07-28,1,43.3775,37.7725,4.2253,-1.327,-12.92,1.58,8,9.741,0.07017253814576119,0.08708988983334576,0.793,2.29,33,2.907,2.927699387065206,-0.012239049849931516,mid
CDW,2023-08-03,2023-09-26,1,199.28,200.24,15.458,0.062,0.48,7.03,37,7.757,0.39517725958949934,0.270556183623311,0.0,0.0,1,2.048,2.7215689684691493,0.08562934983822301,mid
AAOI,2023-08-04,2023-09-13,1,11.01,9.12,6.1075,-0.309,-17.17,40.6,27,55.472,0.20729166457119091,0.3347763448790484,0.0,0.0,16,12.327,2.1647322781261273,0.8148714040729697,mid
ANET,2023-08-22,2023-09-21,1,46.88,44.465,6.1564,-0.392,-5.15,5.34,21,13.132,0.16775833793009842,0.132324963138178,0.0,0.0,15,3.193,2.0787672696895463,0.05055461260591909,mid
AVT,2023-08-23,2023-09-12,1,49.61,47.98,2.6177,-0.623,-3.29,2.78,13,5.277,0.17996591384161625,0.20492650606482063,1.468,3.36,29,2.334,2.1855256416640803,0.08738716325167117,mid
BB,2023-08-28,2023-09-07,1,5.34,4.68,0.5466,-1.208,-12.36,4.87,7,10.235,0.2517986450621715,0.024311200179111488,1.437,5.42,40,3.909,3.2985251684826213,0.09500669384440785,strong
CIEN,2023-08-29,2023-09-26,1,42.83,45.97,1.6674,1.883,7.33,16.69,19,3.893,0.12512515188149767,0.05263167890570864,2.101,4.89,52,2.412,1.2492040275349785,-0.12934802349785368,mid
AEHR,2023-09-01,2023-10-06,1,51.64,38.64,11.4367,-1.137,-25.17,2.27,24,22.147,0.0517073284499413,0.0977102689958606,0.854,4.99,23,6.075,2.1236551524019682,0.10111876593328284,mid
CRDO,2023-09-01,2023-09-11,1,16.81,15.63,1.2219,-0.966,-7.02,1.43,5,7.269,0.09664292052942804,0.04456691675506978,2.514,11.12,52,4.875,1.9501366030583338,0.06560383844534057,mid
BDC,2023-09-06,2023-09-26,1,96.36,92.31,3.0792,-1.315,-4.2,1.33,14,3.196,0.47128814006193503,0.02172726581298805,2.184,4.2,35,1.977,4.012475691483165,-0.06700984755605799,strong
CDW,2023-10-11,2023-10-20,1,213.82,200.42,12.4852,-1.073,-6.27,0.0,7,5.839,0.05826993746704247,0.2189893039521837,0.538,0.97,25,1.79,2.226409740241354,0.043232974266734336,weak
CIFR,2023-11-03,2023-11-16,1,4.1,2.5,1.3902,-1.151,-39.02,0.0,9,33.908,0.45868943004849816,0.12916664624655635,0.0,0.0,1,7.535,3.7572556191364166,0.06098875393345238,strong
CAMT,2023-11-10,2024-04-19,1,64.29,74.68,11.3116,0.919,16.16,38.84,109,17.595,0.12102962563635301,0.13853851340290282,0.302,1.44,31,4.744,3.086400302587967,0.20209387518136923,mid
AKAM,2023-11-14,2024-01-03,1,112.12,116.31,6.9567,0.602,3.74,7.19,33,6.205,0.2710284231830257,0.2036616252656543,0.0,0.0,1,1.633,3.2629643663005314,0.04481480035519558,mid
ANET,2023-11-14,2024-02-21,1,53.8,63.6225,7.4989,1.31,18.26,31.25,66,13.939,0.24117589247101723,0.17911414792397998,0.0,0.0,6,3.405,2.407577976638551,0.13892042067678712,mid
COHR,2023-11-14,2024-01-04,1,35.43,40.6,3.259,1.586,14.59,28.22,34,9.198,0.16315470242484803,0.01224864495353906,1.921,7.89,52,4.363,2.406593826208472,-0.1520109990956856,mid
AAOI,2023-11-15,2024-01-19,1,12.71,15.81,1.2955,2.393,24.39,82.45,43,10.193,0.5796104039181258,0.05412774059285492,3.124,19.32,54,7.405,4.491217751586907,-0.002715556143097486,weak
AMKR,2023-11-15,2024-01-03,1,25.68,30.75,0.5906,8.584,19.74,33.1,32,2.3,0.22304836601677935,0.08431772223218412,3.428,10.9,51,3.498,3.519679042518481,0.0260377110955059,weak
AVT,2023-11-15,2023-11-21,1,48.7,47.17,1.1478,-1.333,-3.14,0.0,4,2.357,0.07253097230521076,0.04442172386423258,2.708,5.92,52,2.29,2.2436157231664016,0.08073707830834653,mid
CIEN,2023-11-15,2023-11-16,1,46.39,44.22,0.6427,-3.376,-4.68,0.0,1,1.385,0.227129211318088,0.09227568640789754,3.649,8.62,53,2.546,3.2951782035810693,-0.02644511700494434,weak
CRDO,2023-11-15,2024-03-14,1,17.41,19.36,2.9025,0.672,11.2,33.66,81,16.671,0.21611246038806736,0.08508347398790081,0.068,0.29,28,4.2,3.574156735566643,0.015344622361334714,mid
ADI,2023-11-17,2024-01-03,1,183.05,188.96,13.7601,0.43,3.23,9.74,30,7.517,0.20931057275769271,0.011421936469106456,0.401,0.9,54,2.248,3.9714176136406567,-0.009200660537143635,mid
CLS,2023-11-17,2024-04-19,1,28.05,40.73,4.2997,2.949,45.2,76.22,104,15.329,0.1422017365330322,0.16892368398245594,0.0,0.0,1,3.771,2.8903031160295067,0.17349891941752738,mid
ASX,2023-11-20,2024-01-03,1,8.66,8.6,0.6926,-0.087,-0.69,9.12,29,7.998,0.38843014614678756,0.06446270700052098,0.0,0.0,3,2.12,4.116917485090382,-0.0434705329483428,strong
CHRN,2023-11-22,2023-12-13,1,23.25,17.4,9.0588,-0.646,-25.16,12.9,14,38.963,0.47528982719080054,0.23477627459443412,0.0,0.0,10,8.658,2.141133645777609,0.23682667545102953,mid
CLSK,2023-11-22,2024-01-11,1,4.86,9.26,1.8944,2.323,90.53,176.34,33,38.98,0.1342952567765929,0.030237602903618956,0.0,0.0,21,8.662,1.6568173495897112,0.022177190696138327,mid
APH,2023-11-30,2024-01-03,1,45.495,47.54,2.1005,0.974,4.5,9.34,22,4.617,0.8018944041395498,0.11094593557977935,0.0,0.0,4,1.215,3.2269331227559648,-0.14361314657601598,strong
APLD,2023-12-06,2024-01-16,1,5.62,5.53,1.0244,-0.088,-1.6,51.6,26,18.228,0.03508768994538541,0.052852362484273774,2.014,13.11,48,7.333,2.2919437678160772,-0.20815960205440376,mid
BHE,2023-12-11,2024-01-04,1,26.1,26.6,1.9662,0.254,1.92,9.08,16,7.533,0.3612903523519613,0.12764507856647095,0.0,0.0,14,1.982,1.6562579563932371,-0.03264109352123323,strong
BELFB,2023-12-13,2024-01-09,1,62.3,61.46,8.1208,-0.103,-1.35,10.56,17,13.035,0.6100837908119041,0.30620688775206517,0.0,0.0,1,3.167,3.518550836808221,0.023692200187434453,mid
BB,2023-12-14,2023-12-18,1,4.36,4.15,0.0564,-3.723,-4.82,0.23,2,1.294,0.4827587718865544,0.10211940792444547,3.723,12.68,55,3.819,3.2187099922491496,-0.080297161517207,weak
ALGM,2023-12-15,2024-01-03,1,31.21,29.01,2.4143,-0.911,-7.05,0.0,11,7.736,0.3455245845272627,0.04225352112676056,1.636,4.9,55,3.113,3.548157405726647,-0.13747812323526554,strong
AXTI,2023-12-15,2024-02-13,1,2.7,2.33,0.6757,-0.548,-13.7,5.19,39,25.027,0.40000003178913884,0.10769235170804538,0.0,0.0,1,5.562,3.8891571622432086,0.18050936015726737,strong
CDW,2023-12-15,2024-01-03,1,223.23,217.3,15.0145,-0.395,-2.66,2.46,11,6.726,0.15322786987939052,0.19595557687687842,0.0,0.0,1,1.77,2.1857939817419467,0.014345277747540575,mid
ARM,2023-12-22,2024-04-17,1,72.29,107.56,12.8467,2.745,48.79,106.07,78,17.771,0.330584555407345,0.2241613838115488,0.0,0.0,1,4.413,2.1981773834304623,0.025337134214272305,mid
AVT,2023-12-22,2024-01-03,1,50.44,48.38,3.5258,-0.584,-4.08,0.89,6,6.99,0.32537271056813855,0.08410530132343778,0.0,0.0,1,1.84,2.8005659367545865,-0.046072838334199506,strong
AEVA,2024-01-08,2024-03-22,1,5.85,4.09,2.2827,-0.771,-30.09,12.82,52,39.021,0.5210084040347958,0.24709450375861677,0.0,0.0,1,8.671,3.8160055914495508,0.3352065072317143,mid
CIEN,2024-01-09,2024-03-07,1,47.9,52.84,4.26,1.16,10.31,30.44,40,8.893,0.15970175894582248,0.17950322442686234,0.0,0.0,1,2.392,2.9164491564204353,-0.04507209342380403,mid
ACLS,2024-01-22,2024-02-08,1,137.88,122.25,17.5428,-0.891,-11.34,1.62,13,12.723,0.04121185796412976,0.07031571805367617,0.791,3.03,24,3.896,2.482823712932003,-0.07408969008150745,mid
COHR,2024-01-22,2024-04-04,1,47.0,57.57,6.7124,1.575,22.49,42.32,51,14.282,0.18031240798374754,0.37711320860714614,0.0,0.0,1,3.495,2.2337644934620577,-0.002556395639882636,mid
APH,2024-01-24,2024-04-19,1,50.33,55.085,2.9135,1.632,9.45,16.61,60,5.789,0.19537597032210152,0.4376872049955435,0.0,0.0,19,1.523,2.3610311754472226,0.12893774056800078,mid
ASX,2024-01-25,2024-02-02,1,9.63,8.86,0.7851,-0.981,-8.0,0.0,6,8.152,0.20599250133675084,0.28268573027818156,0.0,0.0,1,2.167,2.917774370806057,0.07037448241328703,mid
CDW,2024-02-02,2024-04-10,1,232.66,247.28,13.3968,1.091,6.28,10.84,46,5.758,0.2662667916826636,0.20775168713785486,0.0,0.0,3,1.515,2.594979156049677,-0.031307977953956234,mid
ALGM,2024-02-05,2024-03-14,1,29.55,28.43,2.7756,-0.404,-3.79,9.92,27,9.393,0.03356116016597373,0.06158260930848489,1.729,6.63,33,4.052,1.9227173595340696,0.06733492386651285,mid
AKAM,2024-02-07,2024-02-14,1,125.57,114.8,6.2541,-1.722,-8.58,2.19,5,4.981,0.6293388957545814,0.377860617936514,0.0,0.0,6,1.311,2.516084664772829,0.047873661604012074,mid
BELFB,2024-02-08,2024-02-22,1,69.84,50.02,8.5434,-2.32,-28.38,6.14,9,12.233,0.2849822346588799,0.2781044843286306,0.0,0.0,5,2.956,1.9779842546043238,0.03203113996627138,mid
BDC,2024-02-12,2024-04-10,1,85.74,87.02,9.7916,0.131,1.49,8.71,40,11.42,0.4601835903190822,0.30509380336399683,0.0,0.0,2,2.742,4.528700385334067,0.10286485692621605,mid
BHE,2024-02-12,2024-03-20,1,30.69,28.6,3.4912,-0.599,-6.81,1.82,26,11.376,0.3350741284915988,0.2537880580397863,0.0,0.0,6,2.73,3.543070785266242,0.29029139521970726,mid
CIFR,2024-02-12,2024-02-13,1,3.9,3.5,0.252,-1.587,-10.26,0.0,1,6.462,0.02208838436912182,0.12016461596593711,3.845,28.08,31,9.869,2.884571215170505,0.06592978756682233,weak
CIFR,2024-02-14,2024-02-20,1,4.02,3.5,0.5273,-0.986,-12.94,4.48,3,13.116,0.14152702195302674,0.10374414628441932,3.249,26.0,33,10.488,2.7708825238724626,0.13128791900912895,weak
CLSK,2024-02-27,2024-04-10,1,20.89,15.05,8.9113,-0.655,-27.96,12.02,30,42.658,0.5821727416802942,0.2841102946518287,0.0,0.0,1,9.48,3.919009094743854,0.6055188600289252,mid
ANET,2024-03-01,2024-04-12,1,71.935,67.805,8.769,-0.471,-5.74,6.49,29,12.19,0.1287953323931299,0.281954352050973,0.0,0.0,14,2.945,2.1731608598189807,0.18901590833892867,weak
ARQQ,2024-03-01,2024-04-03,1,18.3,13.675,7.5953,-0.609,-25.27,16.12,22,41.504,0.43679998007812254,0.24612400700972795,0.0,0.0,1,9.223,2.6076152645427277,0.1069022544580509,mid
AMKR,2024-03-04,2024-03-14,1,33.55,31.46,3.0486,-0.686,-6.23,7.57,8,9.087,0.141785421672921,0.08707949062937768,1.103,3.25,46,2.999,2.764700150458844,0.06997822928016562,mid
ASX,2024-03-04,2024-04-15,1,10.06,10.83,0.8303,0.927,7.65,15.9,29,8.253,0.22713881899652064,0.15961802025536614,0.0,0.0,7,2.198,2.4149643355987656,0.07596894792667874,mid
ADI,2024-03-07,2024-04-17,1,198.24,189.43,11.4244,-0.771,-4.44,2.97,28,5.763,0.10000008059214813,0.02003337293730596,1.173,2.59,31,2.24,1.6643065275689248,0.06758842227801454,mid
BB,2024-04-11,2024-04-15,1,3.19,2.76,0.315,-1.365,-13.48,0.0,2,9.875,0.06666673187517332,0.0772532107595562,2.597,12.11,55,5.19,2.3163971601067592,0.048957862977321076,mid
ALGM,2024-04-25,2024-05-01,1,29.13,28.81,0.4622,-0.692,-1.1,3.84,4,1.587,0.19002194641146156,0.01261368141642236,3.633,11.42,38,3.506,2.29563362142667,-0.034027555341289095,weak
APH,2024-04-29,2024-07-17,1,61.065,64.22,5.0116,0.63,5.17,15.3,54,8.207,0.23576098421054711,0.295062425366359,0.0,0.0,1,2.184,2.861544147259291,0.33126771427682544,mid
BHE,2024-05-03,2024-06-07,1,36.43,40.5,5.0125,0.812,11.17,22.37,24,13.759,0.47666381415809356,0.252909224271475,0.0,0.0,1,3.358,4.966046595925509,0.4414372951693484,mid
ACLS,2024-05-06,2024-07-19,1,113.43,127.96,9.4884,1.531,12.81,36.67,51,8.365,0.17765894721317846,0.046831089150851817,1.836,6.55,55,3.75,2.4637366512061094,-0.0848685425760145,mid
CAMT,2024-05-06,2024-07-17,1,84.47,113.47,8.4277,3.441,34.33,62.47,49,9.977,0.18122979743423556,0.0023031363173078717,1.639,6.44,28,4.154,1.377444279464045,-0.01864398236156528,mid
BDC,2024-05-07,2024-07-01,1,90.41,91.55,6.6646,0.171,1.26,8.17,37,7.372,0.04911325316754774,0.11248074430887352,1.534,4.18,28,2.812,2.255684924554465,0.1451392399576692,mid
ADI,2024-05-10,2024-07-01,1,207.19,225.18,16.816,1.07,8.68,15.91,34,8.116,0.17113141288052292,0.09981706998588154,0.0,0.0,2,2.156,2.528355950186702,-0.002760625310354148,mid
AMKR,2024-05-14,2024-06-04,1,33.3,31.56,1.539,-1.131,-5.23,1.44,14,4.622,0.0705080318375603,0.06670115806378012,2.785,9.17,47,3.569,1.8697107398174242,0.04212453572364838,mid
AVT,2024-05-14,2024-06-25,1,53.29,51.91,4.3223,-0.319,-2.59,3.12,28,8.111,0.48402565109597895,0.23847442444240882,0.0,0.0,1,2.155,3.4855932312700735,0.11362520121676711,mid
BELFB,2024-05-14,2024-08-02,1,63.07,63.97,7.493,0.12,1.43,18.99,55,11.881,0.2410858029405877,0.23118291055743662,0.0,0.0,3,2.863,2.119463472179976,-0.1410209182726394,mid
AAOI,2024-05-20,2024-05-30,1,12.4,11.59,0.9804,-0.826,-6.53,1.13,7,7.907,0.07312251474520119,0.1403263584835715,3.467,21.35,55,7.653,1.6615085918322905,-0.19660026759898952,weak
ASX,2024-05-20,2024-05-21,1,10.85,10.86,0.2136,0.047,0.09,0.09,1,1.969,0.1243782133157718,0.0878505422575884,3.414,7.98,51,2.511,1.8850457454256808,0.03854034436000964,weak
CORZ,2024-05-21,2024-12-30,1,4.04,13.88,1.0287,9.565,243.56,351.24,153,25.464,0.2928349053114311,0.004944370963977282,0.47,2.97,52,6.319,2.1741319842496325,-0.22505143818072004,strong
ALGM,2024-05-24,2024-07-19,1,30.61,28.79,4.0723,-0.447,-5.95,8.3,37,13.304,0.1215323795749913,0.019529015253749678,0.797,3.2,55,4.098,1.0105543356804443,0.09249027711809465,mid
ASX,2024-05-24,2024-05-31,1,11.15,10.78,0.309,-1.197,-3.32,1.97,4,2.771,0.21081096685411113,0.05513518261685041,2.549,5.75,55,2.358,2.5962253283577104,0.010906756485155489,mid
COHR,2024-05-24,2024-07-24,1,59.67,70.17,4.0375,2.601,17.6,34.88,40,6.766,0.32784759183360584,0.0743881288514654,2.297,8.18,55,3.837,1.4879782869705902,0.001588567723232348,strong
CLS,2024-05-28,2024-07-24,1,59.41,53.39,8.8108,-0.683,-10.13,6.5,39,14.83,0.6505637967613456,0.21766157306182912,0.0,0.0,1,3.64,4.704982070454769,0.1368166358870182,mid
CRDO,2024-05-31,2024-07-29,1,26.07,27.38,4.7313,0.277,5.02,29.77,39,18.149,0.6856185765534882,0.18464005972657707,0.0,0.0,1,4.513,6.124181606848329,0.1630209903401898,strong
ARM,2024-06-03,2024-07-29,1,127.12,141.44,16.0734,0.891,11.26,46.68,38,12.644,0.4620407608172009,0.018655282374467032,2.043,9.67,48,5.147,2.167057997054958,-0.03034541871881291,strong
AMKR,2024-06-10,2024-07-25,1,34.16,38.18,4.8208,0.834,11.77,30.8,31,14.113,0.15789459986213553,0.07347299958988343,0.0,0.0,17,3.451,1.1066854885013813,0.0378410808064058,mid
ANET,2024-06-13,2024-07-17,1,82.9175,84.17,10.3642,0.121,1.51,11.88,22,12.499,0.2111177870584282,0.10253310501554774,0.0,0.0,20,3.026,2.467195786798144,0.06298761425288779,mid
CLSK,2024-06-17,2024-07-10,1,19.24,15.18,4.7018,-0.864,-21.1,1.25,15,24.438,0.1613392775622294,0.05065567123728939,1.668,13.06,55,8.63,1.4174327945391658,-0.00274262767116884,mid
APLD,2024-06-25,2024-07-24,1,6.33,4.57,2.4606,-0.715,-27.8,12.8,20,38.871,0.3105498209132715,0.2803347357134891,0.0,0.0,1,8.638,2.9846791395056846,0.25944114347024905,mid
AEHR,2024-07-12,2024-08-02,1,15.75,14.39,4.6699,-0.291,-8.63,30.86,15,29.65,0.1912908323344843,0.22303395429272543,0.0,0.0,2,6.589,3.61063860224052,0.09746700121313845,mid
ARQQ,2024-07-15,2024-07-18,1,10.125,8.8,1.1964,-1.108,-13.09,3.95,3,11.816,0.0292397686910144,0.10585307720730647,2.993,19.39,55,7.838,2.2129145163130333,-0.2420601550909175,mid
CLSK,2024-07-16,2024-08-02,1,19.79,13.48,6.4104,-0.984,-31.88,0.0,13,32.392,0.1565003321112829,0.006791631047462139,0.042,0.31,55,7.266,2.0770387136274917,-0.07813962613618253,mid
BDC,2024-08-16,2024-10-31,1,101.55,113.87,14.4812,0.851,12.13,20.36,53,14.26,0.13093650352084715,0.08076752133871441,0.0,0.0,11,3.49,1.8677298152093262,0.23751698061692417,mid
AVT,2024-08-19,2024-09-05,1,55.43,51.83,5.8273,-0.618,-6.49,0.0,12,10.513,0.12597557573427595,0.024209593527593606,0.029,0.07,53,2.522,2.052691903957942,0.16832848328406058,mid
COHR,2024-08-19,2024-09-06,1,77.46,68.54,14.5013,-0.615,-11.52,3.55,13,18.721,0.0491693255597759,0.16284870052281297,0.944,4.78,24,5.265,2.7031217596885457,0.25170888919850043,mid
AAOI,2024-08-23,2025-01-13,1,9.71,28.99,1.1141,17.305,198.56,353.45,96,11.474,0.07002799848373825,0.03725908752379846,3.049,19.68,28,7.905,1.9541781638717481,-0.1352469819757447,weak
CRDO,2024-08-23,2024-09-05,1,36.45,26.65,6.7427,-1.453,-26.89,0.0,8,18.498,0.3149955409173195,0.21393249421479985,0.0,0.0,2,4.605,4.69775549449998,0.1708509266907925,mid
CIEN,2024-08-30,2024-09-06,1,57.65,51.16,6.5719,-0.988,-11.26,0.0,4,11.4,0.2192942896256094,0.18630548318143716,0.0,0.0,3,2.737,3.4993228902818037,0.07185090786106652,mid
CHRN,2024-09-13,2024-09-30,1,18.375,17.4,2.2128,-0.441,-5.31,2.04,11,12.042,0.26108372147140174,0.07961164358165843,2.965,19.19,33,7.846,1.6142089264074928,-0.07307699581155191,strong
BHE,2024-09-18,2024-10-01,1,43.56,43.05,0.9091,-0.561,-1.17,3.56,9,2.087,0.081153741944942,0.08485084291718627,3.456,9.92,34,3.156,1.5047926128016462,0.02154203238497332,weak
ANET,2024-09-20,2024-11-14,1,96.115,96.4875,12.6757,0.029,0.39,12.11,39,13.188,0.20173634808861196,0.048312550769056835,0.0,0.0,1,3.207,3.179880184097645,0.0467184554238782,mid
CIEN,2024-09-20,2025-01-27,1,58.73,76.29,7.1834,2.445,29.9,67.17,86,12.231,0.2205019310759748,0.22101312928733002,0.0,0.0,1,2.956,1.9956038932708537,0.09064472144796754,mid
COHR,2024-09-20,2024-10-31,1,87.02,92.44,15.774,0.344,6.23,20.23,29,18.127,0.18876739631922118,0.1087602772180963,0.0,0.0,1,4.507,2.6719422759833895,0.15544736396595904,mid
AEVA,2024-10-08,2025-02-20,1,3.5,4.07,0.7718,0.738,16.29,49.14,91,22.052,0.4076923006385033,0.04434906336627125,0.962,5.74,51,6.234,1.9730893710595967,-0.14364238170527854,strong
AKAM,2024-10-09,2024-10-31,1,103.11,101.08,6.0809,-0.334,-1.97,3.45,16,5.898,0.3708487454960004,0.10901510094707413,0.162,0.26,34,1.621,1.9840822974141032,-0.10701184376000883,strong
ARM,2024-10-11,2024-11-04,1,151.46,137.53,26.1479,-0.533,-9.2,6.84,16,17.264,0.17400801836773946,0.009703081642927693,0.0,0.0,1,4.28,1.4264714148564086,-0.17979263672788792,mid
ADI,2024-10-14,2024-11-05,1,236.43,217.6,20.2444,-0.93,-7.96,0.0,16,8.563,0.21500697544151373,0.04228687218970969,0.238,0.59,30,2.47,1.4003073357150726,-0.05311025663277669,mid
BELFB,2024-10-14,2024-10-28,1,84.79,77.02,9.8242,-0.791,-9.16,0.25,10,11.587,0.551270503565873,0.12096373715346391,0.0,0.0,1,2.786,2.7618404907957217,-0.008854738675270979,strong
CIFR,2024-10-22,2024-12-27,1,5.5,4.86,1.681,-0.381,-11.64,35.09,46,30.564,0.5179283190196683,0.15376457147202927,0.0,0.0,1,6.792,3.5790867871357195,-0.04276281089749012,strong
APH,2024-10-23,2024-12-18,1,68.47,70.1,6.1493,0.265,2.38,10.05,39,8.981,0.160366384941897,0.188583822229726,0.0,0.0,4,2.419,2.0190851861006216,0.017819289534102056,mid
CLS,2024-10-25,2025-01-27,1,69.38,87.36,11.5202,1.561,25.92,77.67,61,16.605,0.49131126593550606,0.2970475068988987,0.0,0.0,1,4.106,4.403031472831444,0.13326489996074153,mid
BHE,2024-11-01,2024-12-18,1,45.92,45.97,5.8904,0.008,0.11,12.87,32,12.827,0.16554664812371456,0.0854296915884459,0.0,0.0,2,3.112,1.3566501176487447,0.06897589923639846,mid
CRDO,2024-11-08,2024-11-15,1,48.0,39.76,8.7078,-0.946,-17.17,0.0,5,18.141,0.45112532248549836,0.20817719681096544,0.0,0.0,1,4.511,3.8200611077480864,0.17807759134223455,mid
BB,2024-11-27,2025-02-27,1,2.61,4.75,0.3554,6.021,81.99,132.57,60,13.618,0.22727248097257427,0.06504061258478401,0.501,1.91,42,3.825,2.469363703277694,-0.0552145012290689,mid
COHR,2024-12-04,2024-12-30,1,112.02,94.84,19.9581,-0.861,-15.34,0.0,17,17.817,0.27500696987472933,0.26360541359059536,0.0,0.0,17,4.425,1.9984477014592559,0.17682808232078862,mid
CRDO,2024-12-13,2025-01-27,1,75.95,55.6,22.5708,-0.902,-26.79,12.57,27,29.718,0.4090404412396708,0.4099367537906655,0.0,0.0,5,6.604,4.246639721563932,0.6208557382483828,mid
ASX,2024-12-24,2025-01-27,1,10.55,9.73,0.8666,-0.946,-7.77,4.45,20,8.214,0.19072163174694,0.07423585787084457,1.22,3.35,47,2.796,1.9829073198476257,-0.017474816308117314,mid
AEHR,2025-01-07,2025-01-14,1,17.78,11.66,5.9549,-1.028,-34.42,0.0,4,33.492,0.4131386928384567,0.098452438204687,0.0,0.0,2,7.443,2.566648205373304,0.21253497004463973,strong
ANET,2025-01-21,2025-01-27,1,121.5,100.3,14.6409,-1.448,-17.45,6.85,4,12.05,0.1138080992104007,0.18898708705299352,0.0,0.0,1,2.908,2.117103450801209,0.04875497365224346,mid
ADI,2025-01-22,2025-01-28,1,224.08,209.52,11.9285,-1.221,-6.5,1.91,4,5.323,0.16379301735005206,0.03692380163940161,1.559,3.77,55,2.483,1.5651828527272922,-0.041279152423276955,mid
BDC,2025-01-22,2025-01-27,1,122.07,114.18,2.8884,-2.732,-6.46,0.0,3,2.366,0.09787239568598241,0.04527174090923968,3.288,8.16,50,2.671,2.116156211226274,0.036347897667353246,weak
CDW,2025-01-22,2025-02-12,1,194.3,188.94,4.9542,-1.082,-2.76,6.09,15,2.55,0.36765344269124783,0.005741008774786175,2.606,5.57,49,2.234,3.3862512566791345,-0.0324794750312456,strong
COHR,2025-01-22,2025-01-27,1,107.96,81.32,14.9334,-1.784,-24.68,0.0,3,13.832,0.07378732485777907,0.06373419496107988,1.119,5.16,31,4.786,2.0610460061956335,0.1106020973251749,mid
CORZ,2025-01-23,2025-01-27,1,16.34,11.28,1.8243,-2.774,-30.97,0.0,2,11.164,0.22314057961566355,0.10259002064947843,2.49,12.4,39,5.555,2.0427232599324143,-0.019768386625050427,mid
APLD,2025-02-19,2025-03-03,1,9.95,6.88,2.7144,-1.131,-30.85,7.04,8,27.28,0.10000000983169224,0.008095605653883549,1.238,9.65,48,8.363,2.3323803765540743,-0.012867333052847263,mid
BELFB,2025-02-20,2025-03-04,1,84.51,80.38,4.0258,-1.026,-4.89,1.85,8,4.764,0.1841893035486332,0.08195758198249221,2.73,8.88,42,3.516,1.0189366225303267,0.06465193061857932,mid
CLSK,2025-05-09,2025-08-11,1,9.2,9.87,2.2781,0.294,7.28,41.09,63,24.762,0.3153844968807526,0.03771931838900845,1.42,10.44,55,8.039,1.419068266649186,-0.13550045823622758,strong
ANET,2025-05-12,2025-06-20,1,92.32,86.25,10.871,-0.558,-6.57,6.39,27,11.775,0.3526361887573234,0.043535262540109726,1.606,7.41,55,4.911,2.8896266585130843,0.0009224239176504057,strong
ACLS,2025-05-13,2025-10-03,1,62.86,88.71,14.0562,1.839,41.12,59.78,99,22.361,0.5806450478758242,0.005003395010624889,0.34,1.82,55,5.376,3.66585338431966,0.037375593453671474,strong
ADI,2025-05-13,2025-07-23,1,226.68,228.08,20.0889,0.07,0.62,8.38,48,8.862,0.6648325174522003,0.038494623815190344,1.661,5.84,55,3.676,4.18008286298922,0.0562485461186093,strong
AEHR,2025-05-13,2025-10-10,1,9.25,23.49,1.1234,12.675,153.95,263.57,104,12.145,0.21132064946994622,0.06638341415421492,2.489,13.24,55,6.038,1.4895980771098554,-0.25005093722043936,mid
AMKR,2025-05-13,2025-05-19,1,20.05,19.26,0.9624,-0.821,-3.94,0.2,4,4.8,0.46031761478373207,0.06515781579757245,2.915,11.34,53,4.294,3.217117848084568,-0.08886519796372838,strong
APH,2025-05-13,2025-12-12,1,85.78,129.24,11.0003,3.951,50.66,67.7,148,12.824,0.7376489616227238,0.22037097253878635,0.0,0.0,1,3.112,4.247551367975692,0.05742683462293452,mid
ARM,2025-05-13,2025-07-14,1,126.68,144.54,13.7155,1.302,14.1,30.61,41,10.827,0.4004277495656324,0.0639929743152395,2.403,11.19,55,5.164,2.2393402870224124,-0.10990626324124042,strong
ASX,2025-05-13,2025-05-23,1,10.08,9.64,0.4666,-0.943,-4.37,1.09,8,4.629,0.616666461361828,0.044262275347246756,2.743,8.76,53,3.435,3.910192717524223,-0.018762131459461928,strong
BDC,2025-05-13,2025-08-01,1,113.87,117.63,15.862,0.237,3.3,14.88,55,13.93,0.6108905164641069,0.017455560807547555,0.0,0.0,1,3.403,3.347103522336791,0.016308690207345267,strong
CIEN,2025-05-13,2025-06-05,1,80.59,73.05,11.6996,-0.644,-9.36,4.09,16,14.517,0.756379787680043,0.0014076723411884685,0.529,2.18,53,4.132,4.084643754247704,-0.0732431912147602,strong
COHR,2025-05-13,2025-08-14,1,78.9,91.65,18.4328,0.692,16.16,47.73,64,23.362,0.6189977245672557,0.008391606695727563,0.528,3.05,55,5.882,3.1883582859455015,-0.09659013210290268,strong
ALGM,2025-05-14,2025-07-24,1,27.02,32.76,5.1579,1.113,21.24,38.82,48,19.089,0.2478014667544988,0.06626621528581035,1.262,7.1,48,5.895,4.644116595745443,0.03308947414539776,mid
CORZ,2025-05-15,2025-07-09,1,10.51,13.43,2.1731,1.344,27.78,71.27,36,20.677,0.5917666354582408,0.022212136927218313,1.255,7.53,53,6.371,3.206456836284266,-0.18149562181380197,strong
AXTI,2025-05-22,2026-01-29,1,1.57,16.38,0.2356,62.874,943.31,1545.22,172,15.003,0.20325210816376532,0.003076956935184073,2.557,16.85,47,7.722,1.50123421451266,-0.13220925847974785,mid
CRDO,2025-05-27,2025-10-07,1,63.65,137.2,15.2712,4.816,115.55,170.71,92,23.992,0.7129444115963728,0.17603459906581823,0.0,0.0,4,5.332,2.9767849044095085,-0.1896567114716171,strong
CLS,2025-06-03,2026-02-04,1,121.26,275.86,22.6581,6.823,127.49,190.79,169,18.686,0.5538274979308221,0.16711710591312826,0.0,0.0,6,4.654,2.142890272533903,-0.13153840724772914,strong
AEVA,2025-06-06,2025-07-22,1,20.9,25.86,7.5861,0.654,23.73,80.81,30,36.297,0.46005492726875236,0.4484495863805342,0.0,0.0,2,8.066,2.8986304504594163,0.6664855681399127,mid
CAMT,2025-06-06,2025-08-06,1,73.49,81.39,12.6107,0.626,10.75,34.62,41,17.16,0.1929172405309723,0.08139537421679162,0.0,0.0,2,4.253,1.94882159481648,-0.16810818747100298,mid
BB,2025-06-09,2025-07-11,1,4.21,4.03,0.3674,-0.49,-4.28,15.68,22,8.726,0.3333333333333333,0.043659043452942775,1.854,6.98,53,3.971,1.5552255200348348,-0.18057819320475743,strong
BHE,2025-06-09,2025-06-11,1,38.26,38.27,0.6964,0.014,0.03,0.26,2,1.82,0.38297880974874926,0.06373008970970594,3.486,8.42,53,2.609,1.4573602007897442,-0.23961654128461007,weak
AMKR,2025-06-10,2025-11-18,1,20.45,30.69,2.8372,3.609,50.07,85.04,112,13.874,0.27071845328068345,0.03625487881315468,0.0,0.0,18,3.388,1.9543187100168118,-0.1741698683532441,strong
ARQQ,2025-06-11,2025-08-19,1,27.15,29.98,12.8584,0.22,10.42,59.52,47,47.36,0.3548792131117872,0.13812156423955077,0.0,0.0,11,10.525,1.5743254555670354,0.07952403419623089,strong
ASX,2025-06-16,2025-07-31,1,10.36,9.5,0.945,-0.91,-8.3,2.8,31,9.122,0.059233576836374466,0.1038461979324514,0.0,0.0,2,2.461,2.213879760798955,-0.17143523576634967,mid
AAOI,2025-06-18,2025-08-11,1,19.77,20.86,6.5236,0.167,5.51,49.19,36,32.997,0.06129397022458215,0.09246861862912154,0.724,6.16,25,8.738,1.6485195715582626,-0.15001142141296553,mid
BELFB,2025-06-20,2025-11-20,1,90.51,134.36,13.7968,3.178,48.45,84.5,107,15.243,0.4688770023868991,0.15122389146591267,0.0,0.0,1,3.748,3.697499180591787,0.013124459283858636,strong
CIFR,2025-06-27,2025-08-07,1,4.26,4.87,1.501,0.406,14.32,62.91,28,35.235,0.1746836170403732,0.24431823431091187,0.0,0.0,1,7.83,1.574711487523471,-0.07227187860565687,mid
BHE,2025-07-02,2025-08-01,1,40.02,37.71,3.665,-0.63,-5.77,1.05,21,9.158,0.35714302396643066,0.15191884240327147,0.0,0.0,4,2.472,1.9164668798686795,-0.18567368564108755,strong
CIEN,2025-07-16,2025-08-20,1,84.12,86.64,9.3932,0.268,3.0,14.6,25,11.166,0.3523810702786841,0.25598424619118415,0.495,1.53,28,3.076,2.0928578667277966,-0.14155640401490188,mid
APLD,2025-07-18,2025-07-28,1,11.93,10.58,1.448,-0.932,-11.32,0.0,6,12.137,0.03925620506438434,0.27219585118910244,2.766,16.67,28,7.0,2.3056965043078836,-0.010429212033991497,weak
ANET,2025-08-12,2025-11-06,1,141.25,134.02,19.9062,-0.363,-5.12,14.71,61,14.093,0.5586324109939952,0.35772546572612446,0.0,0.0,3,3.445,4.421932795340679,0.1470708151638509,mid
BDC,2025-08-27,2025-09-26,1,132.89,124.11,14.0015,-0.627,-6.61,0.45,21,10.536,0.05965052823456906,0.20101487054854156,0.0,0.0,1,2.51,2.8323190620614884,0.017077393049252487,weak
CHRN,2025-08-28,2025-08-29,1,3.89,3.75,0.1929,-0.726,-3.6,0.0,1,4.958,0.23809522908471228,0.02928869499842048,3.784,21.16,24,6.929,2.1259400275877876,-0.4273623827884787,weak
CIEN,2025-08-28,2025-11-20,1,97.89,176.45,12.4123,6.329,80.25,114.04,59,12.68,0.15838362455020508,0.30770154615372836,0.0,0.0,12,3.074,2.0175812715699064,0.013466394652708935,mid
ASX,2025-09-02,2025-11-17,1,10.28,14.3,0.3461,11.616,39.11,57.49,54,3.366,0.24683529596037546,0.006289333827724627,2.248,4.88,46,2.25,1.60403528316169,-0.11698167126252434,mid
CHRN,2025-09-02,2025-11-17,1,3.95,4.16,0.2813,0.746,5.32,41.77,54,7.122,0.198312198084946,0.008970978563770781,3.455,19.29,26,6.815,2.2270951207735847,-0.41804820696375744,weak
APLD,2025-09-10,2025-11-13,1,16.98,23.06,5.4961,1.106,35.81,122.38,46,32.368,0.21889762005689756,0.23755427188880815,0.0,0.0,9,7.193,1.363235329050976,0.152928285416561,mid
CORZ,2025-09-15,2025-11-11,1,16.32,17.32,1.1406,0.877,6.13,40.32,41,6.989,0.35901157189665606,0.00178894996689436,2.557,11.17,50,4.817,2.586654089111718,-0.04481235921724558,strong
CAMT,2025-09-17,2025-11-11,1,89.0,104.1,2.1712,6.955,16.97,44.08,39,2.44,0.12210413603587582,0.042520614051559276,3.407,11.23,36,3.664,1.8913835641010763,-0.06962451188358987,weak
CLSK,2025-09-17,2025-11-04,1,11.44,16.22,1.0382,4.604,41.78,102.8,34,9.075,0.30671492153823654,0.024046910257630765,2.842,13.71,43,5.474,2.7751862398258234,-0.10822560126952618,strong
COHR,2025-09-18,2026-07-13,1,108.05,307.39,9.2337,21.588,184.49,295.09,203,8.546,0.3592473743120002,0.15562991401969833,2.114,8.77,26,4.475,2.5610952585107722,0.033534944249830057,strong
AAOI,2025-09-22,2025-11-11,1,30.54,23.75,9.8691,-0.688,-22.23,21.87,36,32.315,0.406707669109851,0.032999849139643996,0.0,0.0,5,7.181,2.1476123179989077,-0.018052338480268104,strong
ARQQ,2025-10-03,2025-10-22,1,49.92,35.08,17.6762,-0.84,-29.73,16.73,13,35.409,0.5136827054697116,0.09224960836016717,0.0,0.0,1,7.869,3.5706634765748504,0.19541397106847014,strong
CIFR,2025-10-03,2025-11-14,1,14.7,14.36,5.7169,-0.059,-2.31,68.1,30,38.89,0.43613514004278847,0.3432836133664668,0.0,0.0,8,8.642,2.462578666432583,0.5846557833509949,mid
ARM,2025-10-07,2025-11-11,1,159.345,149.74,14.1134,-0.681,-6.03,12.1,25,8.857,0.3135412258502255,0.015468703409072889,1.498,4.96,50,3.414,2.1452023005206877,-0.05660286349605792,strong
AEVA,2025-10-15,2025-11-06,1,19.19,12.94,5.9794,-1.045,-32.57,0.0,16,31.159,0.17695472374284324,0.030564451083206663,1.186,10.47,55,9.402,1.4443161158548503,0.011629978740945957,mid
BHE,2025-10-16,2025-12-17,1,41.35,44.18,4.6524,0.608,6.84,18.91,43,11.251,0.09776215452863171,0.05346639468350534,0.519,1.62,34,3.124,2.139257188810032,0.10190324553040075,mid
CRDO,2025-10-24,2025-11-20,1,155.55,134.73,31.4663,-0.662,-13.38,20.62,19,20.229,0.041947091457599624,0.12091813109920167,1.783,11.98,26,7.445,1.03342488895523,0.32627439564719896,mid
BDC,2025-10-30,2025-11-03,1,122.26,117.53,1.428,-3.312,-3.87,0.0,2,1.168,0.06463156632321582,0.05804488718522754,3.742,9.9,35,2.89,1.8910228577875108,0.07480292859084958,weak
ACLS,2025-11-10,2025-11-11,1,87.42,85.58,1.6165,-1.138,-2.1,0.0,1,1.849,0.0655469764127556,0.06491578135769611,3.617,14.64,35,4.649,1.1617287835703536,0.12480518628852222,weak
ACLS,2025-12-04,2025-12-12,1,89.1,85.61,2.8744,-1.214,-3.92,2.29,6,3.226,0.13796104074926321,0.018712576666927928,3.277,12.37,52,4.254,1.8667045425439195,0.04521633058545205,weak
AEVA,2025-12-04,2025-12-16,1,15.88,14.02,2.1315,-0.873,-11.71,7.81,8,13.423,0.02791261960350186,0.03314917089102198,2.875,19.65,35,8.258,3.62195979252504,-0.1431257986369865,mid
ADI,2025-12-05,2026-03-06,1,281.29,315.81,31.2441,1.105,12.27,28.27,61,11.107,0.4901332907645043,0.1532611463868554,0.0,0.0,2,2.66,4.849838740655548,0.13631222051030134,strong
ALGM,2025-12-05,2025-12-12,1,29.22,27.11,1.9004,-1.11,-7.22,0.17,5,6.504,0.12768995555633395,0.08531253004446089,2.488,9.55,55,4.195,2.827851240229813,-0.038787583757444954,mid
BDC,2025-12-05,2025-12-17,1,121.98,116.17,3.7532,-1.548,-4.76,2.45,8,3.077,0.11810592227628676,0.10455570068571961,3.072,8.14,52,2.853,2.348236906465121,0.025306761044721293,weak
AMKR,2025-12-08,2025-12-17,1,44.71,38.87,7.9198,-0.737,-13.06,5.21,7,17.714,0.324582291461346,0.2931712852820757,0.0,0.0,3,4.398,4.821259893771235,0.2912300128848311,mid
CIEN,2025-12-08,2026-06-08,1,212.93,466.67,41.8752,6.059,119.17,194.46,124,19.666,0.14403490186674253,0.31833309598024634,0.0,0.0,17,4.912,1.6052942863698563,0.3529062598155521,weak
APLD,2025-12-09,2025-12-15,1,32.77,22.98,6.8988,-1.419,-29.87,0.0,4,21.052,0.06844877425640648,0.12260537906128864,2.026,14.96,38,8.51,2.3539422988298067,0.1652617628664812,mid
ASX,2025-12-09,2025-12-17,1,15.97,14.75,1.5082,-0.809,-7.64,2.88,6,9.444,0.12244906697557932,0.2669173228854601,0.951,2.78,25,2.964,2.683333143570897,0.1647622076578128,weak
AVT,2025-12-10,2025-12-15,1,50.43,49.26,0.886,-1.321,-2.32,0.12,3,1.757,0.2670601774558618,0.07794560791502923,2.967,6.41,36,2.272,2.846500208791584,-0.055603873553240035,strong
CAMT,2025-12-10,2025-12-15,1,121.12,109.35,11.5732,-1.017,-9.72,0.0,3,9.555,0.030921455699621764,0.09109557907122968,1.769,7.04,29,4.213,3.1264937567884235,0.027854937113261702,mid
BELFB,2025-12-11,2026-03-06,1,175.36,191.87,32.4533,0.509,9.41,35.95,57,18.507,0.08498317954737071,0.1795928650008795,0.0,0.0,1,4.607,2.673699779487123,0.18319537293674237,mid
AAOI,2025-12-23,2026-06-25,1,40.64,138.54,15.1559,6.46,240.9,448.97,125,37.293,0.5063442284167897,0.06969170427060914,0.0,0.0,1,8.287,3.5180719126204414,0.1784823246063243,strong
CHRN,2025-12-24,2026-04-07,1,5.47,9.06,1.5254,2.354,65.63,136.75,69,27.886,0.44983819169750805,0.00674370786331037,0.378,2.57,29,6.766,2.153580047026827,-0.08616283591584661,strong
AMKR,2026-01-05,2026-02-04,1,48.13,43.87,8.3963,-0.507,-8.85,11.07,21,17.445,0.25882346574290294,0.2554965837637641,0.0,0.0,15,4.328,2.8813249714757254,0.23197284417086417,mid
AEVA,2026-01-06,2026-01-29,1,17.59,13.25,5.9573,-0.729,-24.67,17.62,16,33.868,0.19938650860118082,0.010893759326447039,0.216,1.72,53,7.905,2.4753457264929066,-0.05208007491880062,mid
ACLS,2026-01-12,2026-02-04,1,95.72,82.76,15.8533,-0.817,-13.54,1.38,16,16.562,0.15660426907136368,0.1348399353584756,0.0,0.0,4,4.095,2.5461502480799667,0.0642385767261795,mid
AEHR,2026-01-13,2026-07-07,1,26.81,66.94,7.9118,5.072,149.68,334.84,119,29.511,0.04823467806637138,0.03698923406249155,0.302,2.11,51,7.03,2.185849076054688,0.0285879935393345,mid
CRDO,2026-01-13,2026-01-21,1,161.38,139.16,18.1373,-1.225,-13.77,0.0,5,11.239,0.037502850713498875,0.030230874495276932,2.846,16.5,27,6.795,1.5809230543705144,-0.0018106310284830007,mid
ALGM,2026-01-14,2026-03-03,1,32.25,34.72,5.7719,0.428,7.66,32.74,32,17.897,0.22779454758851247,0.03695531692487931,0.0,0.0,6,4.447,2.950045115760351,0.09366231947625447,mid
ASX,2026-01-15,2026-03-04,1,19.19,22.1,1.7681,1.646,15.16,30.85,32,9.214,0.5688223598099358,0.35560856526789536,0.0,0.0,1,2.489,5.617297065466622,0.11812133074503373,mid
CAMT,2026-01-16,2026-05-18,1,145.93,155.74,28.1232,0.349,6.72,42.16,83,19.272,0.45977868044662834,0.1464091023534414,0.0,0.0,1,4.808,3.8171824546494078,0.2505995525355018,strong
CIFR,2026-01-16,2026-01-20,1,18.8,17.92,0.9409,-0.935,-4.68,0.0,1,5.005,0.2706666998969269,0.022515528122771074,3.928,26.14,49,8.748,1.502444352907484,0.014235207918250392,weak
CLSK,2026-01-23,2026-01-26,1,13.71,12.44,0.94,-1.351,-9.26,0.0,1,6.857,0.17536534280503635,0.10810021414597189,3.652,23.25,55,8.088,1.579945667536338,-0.05259356923400549,weak
ANET,2026-01-27,2026-02-05,1,146.69,128.67,24.825,-0.726,-12.28,2.36,7,16.923,0.21427570099919227,0.04056943788298168,0.0,0.0,1,4.19,2.5390161391394392,0.09927114028499062,mid
ARM,2026-02-10,2026-03-05,1,125.95,120.62,12.1926,-0.437,-4.23,4.6,16,9.681,0.20828612548611325,0.08285808029418182,2.641,12.2,42,5.207,2.278388785160377,0.07256764335700638,mid
ACLS,2026-02-17,2026-07-06,1,98.5,139.97,21.97,1.888,42.1,94.52,95,22.305,0.08767851229052417,0.1281217029072755,0.108,0.56,23,5.078,1.824890838554401,0.1814389536870804,mid
AXTI,2026-03-13,2026-06-09,1,48.86,78.36,24.7539,1.192,60.38,188.23,60,50.663,0.34496829278251584,0.27479168406961174,0.0,0.0,2,11.258,2.4823338586293726,0.6577411278071807,mid
BHE,2026-04-08,2026-07-07,1,60.51,81.01,8.9281,2.296,33.88,63.06,61,14.755,0.25708495641348483,0.17267309144095977,0.356,1.42,29,3.994,2.013386391190214,0.22314771384298382,strong
ADI,2026-04-09,2026-05-21,1,351.36,384.21,28.9018,1.137,9.35,23.06,30,8.226,0.2770240905959624,0.19262557719884457,1.387,4.04,30,2.994,3.3436800556498594,0.150493408659234,strong
ASX,2026-04-09,2026-05-19,1,24.51,30.89,2.9262,2.18,26.03,44.72,28,11.939,0.2646241201973797,0.20587161085098837,1.01,3.86,30,3.92,2.7497462999452456,0.23962530639979374,mid
AVT,2026-04-09,2026-07-02,1,66.94,82.18,6.3097,2.415,22.77,38.83,58,9.426,0.23123143075733463,0.3103209960355326,0.729,1.99,30,2.744,3.244541394961217,0.11522798502238674,mid
CIFR,2026-04-09,2026-07-16,1,16.36,17.72,3.029,0.449,8.31,78.36,67,18.514,0.14621970493914205,0.03598614336651709,2.272,16.29,49,8.312,1.6502834731189298,-0.10736495255275547,mid
CLS,2026-04-09,2026-05-19,1,328.33,339.13,59.8633,0.18,3.29,28.59,28,18.233,0.2652198770369566,0.028952743201926492,1.308,7.11,49,5.712,2.441629922112481,-0.016836767911598716,strong
CORZ,2026-04-09,2026-07-02,1,17.98,21.43,2.854,1.209,19.19,62.18,58,15.873,0.22964172745565375,0.01142173317964472,1.998,11.43,50,6.345,1.5680718902252653,0.007302848177146881,mid
ALGM,2026-04-10,2026-05-18,1,37.5,41.35,2.7091,1.421,10.27,36.99,26,7.224,0.1865575738988617,0.05926047817997152,3.066,13.52,40,5.037,2.8892897598292655,0.09485250875140983,weak
CRDO,2026-04-10,2026-07-27,1,119.59,208.14,16.612,5.33,74.04,152.96,73,13.891,0.07144257878052208,0.06938488605734047,2.537,15.43,55,7.076,1.9022370728844817,-0.14181593763137057,mid
AMKR,2026-04-14,2026-06-05,1,61.32,64.95,14.5828,0.249,5.92,27.36,37,23.781,0.4694451289543772,0.12067355329138131,0.0,0.0,1,5.285,3.9906033915021375,0.13467627854996755,strong
ANET,2026-04-14,2026-05-06,1,154.37,147.06,25.379,-0.288,-4.74,15.13,16,16.44,0.24019845804714082,0.08135915551629333,0.0,0.0,1,4.063,3.424494566962545,0.02893647642568853,mid
ARM,2026-04-14,2026-07-07,1,161.22,300.43,39.6487,3.511,86.35,172.58,57,24.593,0.40321870602196275,0.22060980358204293,0.0,0.0,1,5.465,2.081219500991767,0.2120201490746756,mid
BELFB,2026-04-16,2026-05-19,1,241.49,249.71,41.651,0.197,3.4,25.36,23,17.247,0.30867138473074823,0.10243545915862158,0.045,0.2,44,4.327,2.433448359778252,0.051473236891453,strong
CDW,2026-04-16,2026-05-06,1,133.31,109.0,4.106,-5.921,-18.24,6.85,14,3.08,0.4810571852600335,0.07751100019849139,3.064,8.05,46,2.827,2.724455358014684,-0.08619594592518154,weak
APH,2026-04-17,2026-05-08,1,151.06,128.03,18.1826,-1.267,-15.25,1.16,15,12.037,0.22629190643009334,0.027185446957173565,0.687,2.41,36,3.545,3.45373528916666,-0.043430329032365766,mid
APLD,2026-04-20,2026-07-02,1,32.19,33.06,4.2574,0.204,2.7,54.24,51,13.226,0.17934602704977143,0.06803981940175728,2.756,17.59,48,7.585,2.2761374584045035,-0.08416170025533964,mid
CHRN,2026-04-20,,0,11.38,22.03,2.2682,4.695,93.59,160.37,71,19.931,0.07395504176848222,0.11394817128573625,2.092,15.21,42,8.276,1.4610110662131914,0.05955663584434312,mid
CLSK,2026-04-22,2026-07-01,1,12.21,13.62,3.5857,0.393,11.55,54.05,48,29.367,0.3226177982381657,0.04940879830806539,0.0,0.0,2,6.526,2.7672742245172435,-0.14003244515531887,strong
BB,2026-05-07,2026-07-16,1,6.1,9.16,1.6084,1.903,50.16,110.0,47,26.367,0.6517411908496621,0.43986821696626827,0.0,0.0,1,5.859,3.0930263924299917,0.5673837672380186,mid
AEVA,2026-05-14,2026-07-13,1,21.23,18.81,8.8139,-0.275,-11.4,37.97,39,41.516,0.34068035677378083,0.1830238606011874,0.0,0.0,1,9.226,2.687048158565231,0.23825880703965807,strong
CLS,2026-06-01,2026-06-10,1,426.55,362.92,108.7138,-0.585,-14.92,10.75,7,25.487,0.17745989945584698,0.23056729853434335,0.06,0.35,24,5.741,2.0743831272883377,0.12206143656928803,mid
ANET,2026-06-02,2026-06-10,1,175.33,151.76,24.5896,-0.959,-13.44,0.0,6,14.025,0.025950825464889818,0.17605396465788625,0.685,2.82,28,4.181,3.4076314997565684,0.0800643709336013,mid
ADI,2026-06-03,2026-07-02,1,437.67,377.16,65.8579,-0.919,-13.83,1.78,20,15.047,0.20090442377259238,0.30986423654149425,0.0,0.0,14,3.697,1.4868425926049282,0.33253022571540725,mid
CAMT,2026-06-12,2026-06-26,1,193.27,153.72,39.2702,-1.007,-20.46,2.32,9,20.319,0.12070975010150622,0.04827367647476871,1.515,9.61,23,6.808,1.7990442962689075,0.20849792828835056,mid
ALGM,2026-06-15,2026-07-15,1,55.0,50.03,16.3489,-0.304,-9.04,26.58,20,29.725,0.17537386855568673,0.2499211571716692,0.0,0.0,7,6.606,2.0903029862322917,0.3820843427771141,mid
AMKR,2026-06-15,2026-07-07,1,85.44,65.33,27.172,-0.74,-23.54,9.49,14,31.802,0.16572304238043625,0.2896363289423469,0.0,0.0,1,7.067,2.4157806505117216,0.36646311348315863,mid
ARQQ,2026-06-15,2026-07-15,1,17.92,18.25,7.7573,0.043,1.84,65.85,20,43.288,0.18979124748869375,0.12527366815450092,0.0,0.0,15,9.62,1.945945944834213,0.042992918903526745,mid
BELFB,2026-06-15,2026-07-07,1,302.15,251.53,63.9258,-0.792,-16.75,10.22,14,21.157,0.24328422406705988,0.2651163024837129,0.397,2.04,24,5.156,1.939975100582084,0.18472503740743718,mid
APH,2026-06-17,2026-07-17,1,161.11,151.2,25.8014,-0.384,-6.15,9.44,20,16.015,0.4434483248407178,0.22525229568874922,0.0,0.0,1,3.951,2.735677823141813,0.061967378719144595,mid
BDC,2026-06-17,2026-07-01,1,120.0,116.86,3.4845,-0.901,-2.62,2.72,9,2.904,0.26075571812059467,0.07072270258718492,3.324,11.87,37,3.999,2.3960290669902933,0.045391495973782225,weak
ANET,2026-07-09,,0,184.69,180.35,45.6294,-0.095,-2.35,1.23,16,24.706,0.24776030145751443,0.06275944401441604,0.0,0.0,1,5.49,1.9507635161169117,0.24504965012835145,mid
