ticker,exchange,benchmark,major,sub
AAOI,NASDAQ,XLK,科技硬件,光通信
ACLS,NASDAQ,SOXX,半导体,半导体
ADI,NASDAQ,SOXX,半导体,半导体
AEHR,NASDAQ,SOXX,半导体,半导体材料
AEVA,NASDAQ,XLK,科技硬件,电子元件
AKAM,NASDAQ,IGV,软件,软件
ALGM,NASDAQ,SOXX,半导体,半导体
AMKR,NASDAQ,SOXX,半导体,半导体材料
ANET,NYSE,XLK,科技硬件,硬件
APH,NYSE,XLK,科技硬件,光通信
APLD,NASDAQ,DTCR,数据中心,数据中心
ARM,NASDAQ,SOXX,半导体,半导体
ARQQ,NASDAQ,SOXX,半导体,半导体
ASX,NYSE,SOXX,半导体,半导体
AVT,NASDAQ,XLK,科技硬件,电子元器
AXTI,NASDAQ,SOXX,半导体,半导体
BB,NYSE,IGV,软件,软件
BDC,NYSE,XLK,科技硬件,网络基础
BELFB,NASDAQ,XLK,科技硬件,电子元件
BHE,NYSE,XLK,科技硬件,解决方案
CAMT,NASDAQ,SOXX,半导体,半导体
CDW,NASDAQ,XLK,科技硬件,IT
CHRN,NASDAQ,DTCR,数据中心,数据中心
CIEN,NYSE,XLK,科技硬件,光通信
CIFR,NASDAQ,DTCR,数据中心,数据中心
CLS,NYSE,XLK,科技硬件,电子元件
CLSK,NASDAQ,DTCR,数据中心,数据中心
COHR,NYSE,XLK,科技硬件,光通信
CORZ,NASDAQ,DTCR,数据中心,数据中心
CRDO,NASDAQ,SOXX,半导体,半导体
CRUS,NASDAQ,SOXX,半导体,半导体
CRWD,NASDAQ,IGV,软件,软件
CRWV,NASDAQ,DTCR,数据中心,数据中心
CSCO,NASDAQ,XLK,科技硬件,通讯
DBD,NYSE,XLK,科技硬件,硬件
DELL,NYSE,XLK,科技硬件,硬件
EXTR,NASDAQ,XLK,科技硬件,网络
FLEX,NASDAQ,XLK,科技硬件,电子元件
FN,NYSE,XLK,科技硬件,光通信
FORM,NASDAQ,SOXX,半导体,半导体材料
GFS,NASDAQ,SOXX,半导体,半导体
GLW,NYSE,XLK,科技硬件,电子元件
HIMX,NASDAQ,SOXX,半导体,半导体
HPE,NYSE,XLK,科技硬件,IT
HUT,NASDAQ,DTCR,数据中心,数据中心
IBM,NYSE,XLK,科技硬件,IT
INFQ,NYSE,QTUM,科技硬件,量子计算
INGM,NYSE,XLK,科技硬件,IT
INTC,NASDAQ,SOXX,半导体,半导体
IONQ,NYSE,QTUM,科技硬件,量子计算
IPGP,NASDAQ,XLK,科技硬件,光电
IREN,NASDAQ,DTCR,数据中心,数据中心
JBL,NYSE,XLK,科技硬件,电子元件
KEYS,NYSE,XLK,科技硬件,科技仪器
KLAC,NASDAQ,SOXX,半导体,半导体
KLIC,NASDAQ,SOXX,半导体,半导体
LAES,NASDAQ,SOXX,半导体,半导体
LITE,NASDAQ,XLK,科技硬件,光通信
LOGI,NASDAQ,XLK,科技硬件,硬件
LSCC,NASDAQ,SOXX,半导体,半导体
LUMN,NYSE,XLC,通讯服务,电信
LWLG,NASDAQ,XLK,科技硬件,电光聚合物材料
MARA,NASDAQ,DTCR,数据中心,数据中心
MCHP,NASDAQ,SOXX,半导体,半导体
MKSI,NASDAQ,SOXX,半导体,半导体设备
MRVL,NASDAQ,SOXX,半导体,半导体
MU,NASDAQ,SOXX,半导体,半导体
MXL,NASDAQ,SOXX,半导体,半导体
NBIS,NASDAQ,DTCR,数据中心,数据中心
NVTS,NASDAQ,SOXX,半导体,半导体
NXPI,NASDAQ,SOXX,半导体,半导体
ON,NASDAQ,SOXX,半导体,半导体
ORCL,NYSE,IGV,软件,软件
P,NYSE,XLI,工业,污水处理
PENG,NASDAQ,DTCR,数据中心,数据中心
PLAB,NASDAQ,SOXX,半导体,半导体材料
POET,NASDAQ,SOXX,半导体,半导体
POWI,NASDAQ,SOXX,半导体,半导体
QBTS,NYSE,QTUM,科技硬件,量子计算
QCOM,NASDAQ,SOXX,半导体,半导体
QMCO,NASDAQ,XLK,科技硬件,硬件
QRVO,NASDAQ,SOXX,半导体,半导体
QUBT,NASDAQ,QTUM,科技硬件,量子计算
RBRK,NYSE,IGV,软件,软件
RGTI,NASDAQ,QTUM,科技硬件,量子计算
RIOT,NASDAQ,DTCR,数据中心,数据中心
RMBS,NASDAQ,SOXX,半导体,半导体
S,NYSE,IGV,软件,网络安全
SANM,NASDAQ,XLK,科技硬件,电子元件
SAP,NYSE,IGV,软件,软件
SIMO,NASDAQ,SOXX,半导体,半导体
SLAB,NASDAQ,SOXX,半导体,半导体
SNOW,NYSE,IGV,软件,软件
SNX,NYSE,XLK,科技硬件,IT
ST,NYSE,XLK,科技硬件,科技仪器
STM,NYSE,SOXX,半导体,半导体
STX,NASDAQ,XLK,科技硬件,存储硬件
SYNA,NASDAQ,SOXX,半导体,半导体
TEL,NYSE,XLK,科技硬件,电子元件
TEM,NASDAQ,IGV,软件,AI医疗
TSEM,NASDAQ,SOXX,半导体,半导体
TSM,NYSE,SOXX,半导体,半导体
TTMI,NASDAQ,XLK,科技硬件,电子元件
UCTT,NASDAQ,SOXX,半导体,半导体材料
UMC,NYSE,SOXX,半导体,半导体
VECO,NASDAQ,SOXX,半导体,半导体
VIAV,NASDAQ,XLK,科技硬件,通讯设备
VICR,NASDAQ,XLK,科技硬件,电子元件
VISN,NASDAQ,XLK,科技硬件,电子元件
VSH,NYSE,SOXX,半导体,半导体
WDC,NASDAQ,XLK,科技硬件,存储硬件
WOLF,NYSE,SOXX,半导体,半导体
WULF,NASDAQ,DTCR,数据中心,数据中心
WYFI,NASDAQ,DTCR,数据中心,数据中心
XNDU,NASDAQ,QTUM,科技硬件,量子计算
ZETA,NYSE,IGV,软件,软件
AIR,NYSE,ITA,航空国防,航空航天国防
ASTS,NASDAQ,ITA,航空国防,通讯设备
DGII,NASDAQ,XLK,科技硬件,通讯设备
ERIC,NASDAQ,XLK,科技硬件,通讯设备
GSAT,NASDAQ,ITA,航空国防,卫星通信
IRDM,NASDAQ,ITA,航空国防,卫星通信
LHX,NYSE,ITA,航空国防,航空航天国防
LUNR,NASDAQ,ITA,航空国防,航空航天国防
MDA,NYSE,ITA,航空国防,航空航天国防
MOG.A,NYSE,ITA,航空国防,航空航天国防
MRCY,NASDAQ,ITA,航空国防,航空航天国防
NN,NASDAQ,XLK,科技硬件,软件基础设施
NOK,NYSE,XLK,科技硬件,通讯设备
ONDS,NASDAQ,XLK,科技硬件,通讯设备
PL,NYSE,ITA,航空国防,航空航天国防
RCAT,NASDAQ,ITA,航空国防,航空航天国防
RDW,NYSE,ITA,航空国防,航空航天国防
RKLB,NASDAQ,ITA,航空国防,航空航天国防
SARO,NYSE,ITA,航空国防,航空航天国防
TXT,NYSE,ITA,航空国防,航空航天国防
VSAT,NASDAQ,ITA,航空国防,通讯设备
VVX,NYSE,ITA,航空国防,航空航天国防
APA,NASDAQ,XLE,油气,油气勘探开发
AROC,NYSE,AMLP,油气,油气中游
BKR,NASDAQ,XLE,油气,油气设备服务
BKV,NYSE,XLE,油气,油气勘探开发
BP,NYSE,XLE,油气,综合油气
BTU,NYSE,XLE,油气,煤矿
BWLP,NYSE,SEA,航运,海运
CHRD,NASDAQ,XLE,油气,油气勘探开发
CLMT,NASDAQ,XLE,油气,燃料油
CMBT,NYSE,SEA,航运,海运
CNQ,NYSE,XLE,油气,油气勘探开发
COP,NYSE,XLE,油气,油气勘探开发
CRC,NYSE,XLE,油气,油气勘探开发
CRGY,NYSE,XLE,油气,油气勘探开发
CVE,NYSE,XLE,油气,综合油气
CVX,NYSE,XLE,油气,综合油气
DHT,NYSE,SEA,航运,海运
DINO,NYSE,XLE,油气,炼油
DTM,NYSE,AMLP,油气,油气中游
DVN,NYSE,XLE,油气,油气勘探开发
ECO,NYSE,SEA,航运,海运
EFXT,NYSE,XLE,油气,油气设备服务
ENB,NYSE,AMLP,油气,油气中游
EPD,NYSE,AMLP,油气,油气中游
EQNR,NYSE,XLE,油气,综合油气
EXE,NASDAQ,XLE,油气,油气勘探开发
FANG,NASDAQ,XLE,油气,油气勘探开发
FLOC,NYSE,XLE,油气,油气设备服务
FRO,NYSE,SEA,航运,海运
FTI,NYSE,XLE,油气,油气设备服务
GEL,NYSE,AMLP,油气,油气中游
GLNG,NASDAQ,AMLP,油气,油气中游
HAFN,NYSE,SEA,航运,海运
HAL,NYSE,XLE,油气,油气设备服务
INSW,NYSE,SEA,航运,海运
KMI,NYSE,AMLP,油气,油气中游
KNOP,NYSE,SEA,航运,海运
LBRT,NYSE,XLE,油气,油气设备服务
LNG,NYSE,XLE,油气,油气中游
MNR,NYSE,XLE,油气,油气勘探开发
MPLX,NYSE,AMLP,油气,油气中游
MTDR,NYSE,XLE,油气,油气勘探开发
NAT,NYSE,SEA,航运,海运
NE,NYSE,XLE,油气,油气设备服务
NOG,NYSE,XLE,油气,油气勘探开发
OKE,NYSE,AMLP,油气,油气中游
OVV,NYSE,XLE,油气,油气勘探开发
OXY,NYSE,XLE,油气,油气勘探开发
PAA,NASDAQ,AMLP,油气,油气中游
PARR,NYSE,XLE,油气,炼油
PBA,NYSE,AMLP,油气,油气中游
PBF,NYSE,XLE,油气,炼油
PBR,NYSE,XLE,油气,综合油气
PR,NYSE,XLE,油气,油气勘探开发
PTEN,NASDAQ,XLE,油气,油气勘探开发
SBLK,NASDAQ,SEA,航运,海运
SHEL,NYSE,XLE,油气,综合油气
SLB,NYSE,XLE,油气,油气设备服务
STNG,NYSE,SEA,航运,海运
SU,NYSE,XLE,油气,综合油气
SUN,NYSE,XLE,油气,炼油
TALO,NYSE,XLE,油气,油气勘探开发
TDW,NYSE,XLE,油气,油气设备服务
TK,NYSE,SEA,航运,海运
TRGP,NYSE,AMLP,油气,油气中游
TRMD,NASDAQ,SEA,航运,海运
TRP,NYSE,AMLP,油气,油气中游
TTE,NYSE,XLE,油气,油气中游
USAC,NYSE,AMLP,油气,油气中游
VG,NYSE,XLE,油气,油气中游
VLO,NYSE,XLE,油气,炼油
WBI,NYSE,XLE,油气,油气设备服务
WDS,NYSE,XLE,油气,油气勘探开发
WES,NYSE,AMLP,油气,油气中游
WMB,NYSE,AMLP,油气,油气中游
XOM,NYSE,XLE,油气,综合油气
YPF,NYSE,XLE,油气,综合油气
AES,NYSE,XLU,公用电力,再生能源
AXIA,NYSE,XLU,公用电力,可再生能源
BKH,NYSE,XLU,公用电力,天然气/电力
BWXT,NYSE,ITA,航空国防,航空航天国防
CCJ,NYSE,URA,矿业,铀
CEG,NASDAQ,XLU,公用电力,核电
CNP,NYSE,XLU,公用电力,电力
CWEN,NYSE,XLU,公用电力,电力
DUK,NYSE,XLU,公用电力,电力
ENPH,NASDAQ,TAN,公用电力,太阳能
ES,NYSE,XLU,公用电力,电力
ETR,NYSE,XLU,公用电力,电力
EVRG,NASDAQ,XLU,公用电力,电力
EXC,NASDAQ,XLU,公用电力,电力
FE,NYSE,XLU,公用电力,电力
FLNC,NASDAQ,GRID,公用电力,电力
FSLR,NASDAQ,TAN,公用电力,太阳能
GEV,NYSE,GRID,公用电力,电气设备
MWH,NASDAQ,TAN,公用电力,太阳能
NI,NYSE,XLU,公用电力,天然气/电力
NJR,NYSE,XLU,公用电力,天然气
NWE,NASDAQ,XLU,公用电力,天然气/电力
NXT,NASDAQ,TAN,公用电力,太阳能
OGE,NYSE,XLU,公用电力,电力
OKLO,NYSE,NLR,公用电力,核能
ORA,NYSE,XLU,公用电力,再生能源
PCG,NYSE,XLU,公用电力,电力
PNW,NYSE,XLU,公用电力,电力
POR,NYSE,XLU,公用电力,电力
PPL,NYSE,XLU,公用电力,电力
SEDG,NASDAQ,TAN,公用电力,太阳能
SMR,NYSE,NLR,公用电力,核能
SO,NYSE,XLU,公用电力,电力
SRE,NYSE,XLU,公用电力,电力
TE,NYSE,TAN,公用电力,太阳能
XE,NASDAQ,NLR,公用电力,核能
AA,NYSE,XME,矿业,铝加工
AEM,NYSE,GDX,矿业,金
AG,NYSE,SIL,矿业,银
AGI,NYSE,GDX,矿业,金
ALM,NASDAQ,XME,矿业,钨矿
AU,NYSE,GDX,矿业,金
AUGO,NASDAQ,GDX,矿业,金
B,NYSE,GDX,矿业,金
BVN,NYSE,GDX,矿业,金
CDE,NYSE,SIL,矿业,银
CGAU,NYSE,GDX,矿业,金
EQX,NYSEAMERICAN,GDX,矿业,金
EXK,NYSE,SIL,矿业,银
FCX,NYSE,COPX,矿业,铜
GFI,NYSE,GDX,矿业,金
HBM,NYSE,COPX,矿业,铜
HCC,NYSE,XME,矿业,焦煤
IAG,NYSE,GDX,矿业,金
NEM,NYSE,GDX,矿业,金
NXE,NYSE,URA,矿业,铀
OR,NYSE,GDX,矿业,金
PAAS,NYSE,SIL,矿业,银
SSRM,NASDAQ,SIL,矿业,银
TECK,NYSE,COPX,矿业,铜
TFPM,NYSE,GDX,矿业,金
UEC,NYSEAMERICAN,URA,矿业,铀
UUUU,NYSEAMERICAN,URA,矿业,铀
VALE,NYSE,XME,矿业,铁矿
WPM,NYSE,GDX,矿业,金
ANDG,NYSE,XLF,金融地产,个性化服务
BBVA,NYSE,XLF,金融地产,银行
MRX,NASDAQ,XLF,金融地产,资本市场
XP,NASDAQ,XLF,金融地产,资本市场
NDAQ,NASDAQ,XLF,金融地产,资本市场
UBS,NYSE,XLF,金融地产,银行
AGRO,NYSE,MOO,基础材料,农业
ALB,NYSE,XLB,基础材料,锂电池
AMPX,NYSE,XLB,基础材料,锂电池
APD,NYSE,XLB,基础材料,化工
AVNT,NYSE,XLB,基础材料,化工
BCPC,NASDAQ,XLB,基础材料,化工
CAT,NYSE,XLI,工业,工业机械
CENX,NASDAQ,XLB,基础材料,铝
CF,NYSE,MOO,基础材料,化肥
CGNX,NASDAQ,XLI,工业,工业设备
CLF,NYSE,XLB,基础材料,钢铁
CSTM,NYSE,XLB,基础材料,铝加工
CSX,NASDAQ,IYT,工业,铁路/联运
CTVA,NYSE,MOO,基础材料,农业
DAR,NYSE,XLB,基础材料,化工
DOW,NYSE,XLB,基础材料,化工
EMN,NYSE,XLB,基础材料,化工
EMR,NYSE,XLI,工业,工业机械
ENS,NYSE,XLI,工业,锂电池
ESI,NYSE,XLB,基础材料,化工
ETN,NYSE,XLI,工业,工业机械
FLR,NYSE,XLI,工业,建筑
FLS,NYSE,XLI,工业,工业机械
FPS,NYSE,XLI,工业,电气设备
FUL,NYSE,XLB,基础材料,材料
HUN,NYSE,XLB,基础材料,化工
HWKN,NASDAQ,XLB,基础材料,化工
KALU,NASDAQ,XLB,基础材料,铝加工
LIN,NASDAQ,XLB,基础材料,化工气体
LYB,NYSE,XLB,基础材料,化工
MEOH,NASDAQ,XLB,基础材料,甲醇
MLI,NYSE,XLI,工业,工业金属
MOS,NYSE,MOO,基础材料,化肥
MSGS,NYSE,XLC,通讯服务,体育娱乐
MTRN,NYSE,XLI,工业,工业金属
MTZ,NYSE,XLI,工业,建筑
NTR,NYSE,MOO,基础材料,化肥
PNR,NYSE,XLI,工业,污水处理
PRM,NYSE,XLB,基础材料,化工
PWR,NYSE,XLI,工业,建筑工程
ROK,NYSE,XLI,工业,工业机械
SBGSY,OTCMKTS,XLI,工业,电气设备
SBS,NYSE,XLU,公用电力,污水处理
SON,NYSE,XLB,基础材料,包装容器纸制品
SQM,NYSE,XLB,基础材料,化工
SXI,NYSE,XLI,工业,工业机械
SXT,NYSE,XLB,基础材料,化工
TX,NYSE,XLB,基础材料,钢铁
VRT,NYSE,XLI,工业,电气设备
WCC,NYSE,XLI,工业,工业分销
ZWS,NYSE,XLI,工业,污水处理
ABVX,NASDAQ,XLV,医疗健康,生物技术
AHR,NYSE,XLRE,金融地产,医疗地产
BBIO,NASDAQ,XBI,医疗健康,生物科技
BNTX,NASDAQ,XBI,医疗健康,生物技术
BTSG,NASDAQ,XLV,医疗健康,医疗健康
CELC,NASDAQ,XBI,医疗健康,生物技术
CGON,NASDAQ,XLV,医疗健康,生物技术
DGX,NYSE,XLV,医疗健康,诊断检测
DLR,NYSE,XLRE,金融地产,房地产
ELAN,NYSE,XLV,医疗健康,动物制药
ERAS,NASDAQ,XBI,医疗健康,生物技术
EW,NYSE,IHI,医疗健康,医疗器械
GRDN,NYSE,XLV,医疗健康,药房
HLN,NYSE,XLP,消费,消费必需品
KNSA,NASDAQ,XLV,医疗健康,制药
KOD,NASDAQ,XBI,医疗健康,生物技术
MANE,NYSE,XBI,医疗健康,生物制药
MDLN,NASDAQ,XLV,医疗健康,医疗用品
NBIX,NASDAQ,XBI,医疗健康,生物科技
OGN,NYSE,XLV,医疗健康,制药
PFE,NYSE,XLV,医疗健康,生物技术
ROIV,NASDAQ,XLV,医疗健康,生物技术
RPRX,NASDAQ,XLV,医疗健康,生物技术
SMMT,NASDAQ,XBI,医疗健康,生物技术
TEVA,NYSE,XLV,医疗健康,制药
UNH,NYSE,XLV,医疗健康,医疗服务
VRTX,NASDAQ,XLV,医疗健康,生物技术
VTR,NYSE,XLRE,金融地产,医疗地产
VTRS,NASDAQ,XLV,医疗健康,制药
AAPL,NASDAQ,XLK,科技硬件,消费电子
AMD,NASDAQ,SOXX,半导体,半导体
AMZN,NASDAQ,XLY,消费,互联网零售
AVGO,NASDAQ,SOXX,半导体,半导体
BE,NYSE,GRID,公用电力,电力
BEPC,NYSE,XLU,公用电力,电力
CL,NYSE,XLP,消费,消费必需品
D,NYSE,XLU,公用电力,电力
GOOGL,NASDAQ,XLC,通讯服务,互联网媒体
MSFT,NASDAQ,IGV,软件,软件
NEE,NYSE,XLU,公用电力,电力
NRG,NYSE,XLU,公用电力,电力
NVDA,NASDAQ,SOXX,半导体,半导体
PLTR,NASDAQ,IGV,软件,软件
RCL,NYSE,XLY,消费,旅游
SNDK,NASDAQ,SOXX,半导体,存储硬件
SPOT,NYSE,XLC,通讯服务,流媒体娱乐
UBER,NYSE,IYT,工业,铁路/联运
VST,NYSE,XLU,公用电力,电力
XEL,NASDAQ,XLU,公用电力,电力
F,NYSE,XLY,消费,可选消费
SPCX,NASDAQ,ITA,航空国防,航空航天国防
ARXS,NASDAQ,ITA,航空国防,航空航天国防
Q,NYSE,SOXX,半导体,半导体材料
ALAB,NASDAQ,SOXX,半导体,半导体
DIOD,NASDAQ,SOXX,半导体,半导体
IMOS,NASDAQ,SOXX,半导体,半导体
ENTG,NASDAQ,SOXX,半导体,半导体材料
KGS,NYSE,AMLP,油气,油气中游
OSCR,NYSE,XLV,医疗健康,健康保险
ALKS,NASDAQ,XBI,医疗健康,生物制药
VLTO,NYSE,XLI,工业,污水处理
LNT,NASDAQ,XLU,公用电力,天然气/电力
BUD,NYSE,XLP,消费,消费必需品
WAY,NASDAQ,IGV,软件,软件
ESE,NYSE,ITA,航空国防,航空航天国防
CBRS,NASDAQ,SOXX,半导体,半导体
GENB,NASDAQ,XBI,医疗健康,生物制药
WEN,NASDAQ,XLY,消费,餐饮
QLYS,NASDAQ,IGV,软件,软件
SNPS,NASDAQ,IGV,软件,软件
ANAB,NASDAQ,XBI,医疗健康,生物制药
SM,NYSE,XLE,油气,油气勘探开发
RTX,NYSE,ITA,航空国防,航空航天国防
LMT,NYSE,ITA,航空国防,航空航天国防
ASC,NYSE,SEA,航运,海运
GNK,NYSE,SEA,航运,海运
WFRD,NASDAQ,XLE,油气,油气设备服务
GRMN,NYSE,XLY,消费,可选消费
TFII,NYSE,IYT,工业,铁路/联运
WAB,NYSE,XLI,工业,工业机械
TNK,NYSE,SEA,航运,海运
DSX,NYSE,SEA,航运,海运
SHIP,NASDAQ,SEA,航运,海运
NVGS,NYSE,SEA,航运,海运
LPG,NYSE,SEA,航运,海运
FLNG,NYSE,SEA,航运,海运
NMM,NYSE,SEA,航运,海运
SFL,NYSE,SEA,航运,海运
SOLV,NYSE,IHI,医疗健康,医疗器械
HPQ,NYSE,XLK,科技硬件,硬件
SKHY,NASDAQ,SOXX,半导体,半导体
GSK,NYSE,XLV,医疗健康,制药
UL,NYSE,XLP,消费,消费必需品
KO,NYSE,XLP,消费,消费必需品
FTNT,NASDAQ,IGV,软件,网络安全
CORT,NASDAQ,XBI,医疗健康,生物制药
LRCX,NASDAQ,SOXX,半导体,半导体设备
AVTR,NYSE,XLV,医疗健康,生命科学工具
GEHC,NASDAQ,IHI,医疗健康,医疗器械
AR,NYSE,XLE,油气,油气勘探生产
EQIX,NASDAQ,DTCR,数据中心,数据中心
SONY,NYSE,XLY,消费,消费电子
NYT,NYSE,XLC,通讯服务,媒体出版
DBX,NASDAQ,IGV,软件,软件
MGY,NYSE,XLE,油气,油气勘探开发
JPM,NYSE,XLF,金融地产,银行
BAC,NYSE,XLF,金融地产,银行
GS,NYSE,XLF,金融地产,投行
MS,NYSE,XLF,金融地产,投行
SCHW,NYSE,XLF,金融地产,券商
V,NYSE,XLF,金融地产,支付
MA,NYSE,XLF,金融地产,支付
AXP,NYSE,XLF,金融地产,支付
PGR,NYSE,XLF,金融地产,保险
BLK,NYSE,XLF,金融地产,资管
KKR,NYSE,XLF,金融地产,私募股权
COIN,NASDAQ,XLF,金融地产,加密金融
PLD,NYSE,XLRE,金融地产,工业地产
AMT,NYSE,XLRE,金融地产,通信铁塔
SPG,NYSE,XLRE,金融地产,零售地产
HD,NYSE,XLY,消费,家居零售
MCD,NYSE,XLY,消费,餐饮
NKE,NYSE,XLY,消费,运动服饰
TJX,NYSE,XLY,消费,折扣零售
SBUX,NASDAQ,XLY,消费,餐饮
BKNG,NASDAQ,XLY,消费,在线旅游
CMG,NYSE,XLY,消费,餐饮
COST,NASDAQ,XLP,消费,消费必需品
WMT,NYSE,XLP,消费,消费必需品
PG,NYSE,XLP,消费,消费必需品
PEP,NASDAQ,XLP,消费,消费必需品
PM,NYSE,XLP,消费,消费必需品
META,NASDAQ,XLC,通讯服务,互联网媒体
NFLX,NASDAQ,XLC,通讯服务,流媒体娱乐
DIS,NYSE,XLC,通讯服务,影视娱乐
TMUS,NASDAQ,XLC,通讯服务,电信
T,NYSE,XLC,通讯服务,电信
VZ,NYSE,XLC,通讯服务,电信
RBLX,NYSE,XLC,通讯服务,游戏
PANW,NASDAQ,IGV,软件,网络安全
DDOG,NASDAQ,IGV,软件,软件
RNG,NYSE,IGV,软件,软件
FERG,NYSE,XLI,工业,工业分销
FAST,NASDAQ,XLI,工业,工业分销
SUNB,NYSE,XLI,工业,设备租赁
APG,NYSE,XLI,工业,工业服务
CROX,NASDAQ,XLY,消费,服饰鞋类
BHP,NYSE,XME,矿业,金属采矿
AMGN,NASDAQ,XLV,医疗健康,制药
SWK,NYSE,XLI,工业,工业机械
MT,NYSE,XLB,基础材料,钢铁
WTTR,NYSE,XLE,油气,油气设备服务
ROKU,NASDAQ,XLC,通讯服务,流媒体娱乐
FOXA,NASDAQ,XLC,通讯服务,影视娱乐
SHOP,NYSE,IGV,软件,电商软件
APP,NASDAQ,IGV,软件,广告技术
NET,NYSE,IGV,软件,网络安全
SITM,NASDAQ,SOXX,半导体,半导体
SAN,NYSE,XLF,金融地产,银行
IBKR,NASDAQ,XLF,金融地产,券商
PH,NYSE,XLI,工业,工业机械
HWM,NYSE,ITA,航空国防,航空航天国防
CAKE,NASDAQ,XLY,消费,餐饮
VSXY,NYSE,XLY,消费,服饰零售
DEO,NYSE,XLP,消费,消费必需品
ACMR,NASDAQ,SOXX,半导体,半导体设备
AMBQ,NYSE,SOXX,半导体,半导体
APPS,NASDAQ,IGV,软件,软件
BLZE,NASDAQ,IGV,软件,软件
FSLY,NYSE,IGV,软件,软件
QNT,NASDAQ,QTUM,科技硬件,量子计算
TTAN,NASDAQ,IGV,软件,软件
CLBK,NASDAQ,XLF,金融地产,银行
HRB,NYSE,XLY,消费,消费服务
SIND,NYSE,SIL,矿业,银
IMNM,NASDAQ,XBI,医疗健康,生物制药
MSGE,NYSE,XLC,通讯服务,影视娱乐
ATRO,NASDAQ,ITA,航空国防,航空航天国防
PSX,NYSE,XLE,油气,炼油
EROC,NYSE,GRID,公用电力,电气设备
STRL,NASDAQ,XLI,工业,建筑工程
CPAY,NYSE,XLF,金融地产,支付
JEF,NYSE,XLF,金融地产,投行
BAM,NYSE,XLF,金融地产,资管
TPG,NASDAQ,XLF,金融地产,私募股权
SEZL,NASDAQ,XLF,金融地产,消费金融
DAVE,NASDAQ,XLF,金融地产,消费金融
ESTC,NYSE,IGV,软件,软件
FROG,NASDAQ,IGV,软件,软件
PATH,NYSE,IGV,软件,软件
NTNX,NASDAQ,IGV,软件,软件
GEN,NASDAQ,IGV,软件,网络安全
PACS,NYSE,XLV,医疗健康,医疗服务
AVAH,NASDAQ,XLV,医疗健康,医疗服务
AMAT,NASDAQ,SOXX,半导体,半导体设备
NTAP,NASDAQ,XLK,科技硬件,硬件
RDDT,NYSE,XLC,通讯服务,互联网媒体
HEI,NYSE,ITA,航空国防,航空航天国防
NGL,NYSE,AMLP,油气,油气中游
CFR,NYSE,XLF,金融地产,银行
NU,NYSE,XLF,金融地产,银行
VIRT,NASDAQ,XLF,金融地产,资本市场
JNJ,NYSE,XLV,医疗健康,制药
NHC,NYSE,XLV,医疗健康,医疗服务
HTFL,NASDAQ,XLV,医疗健康,医疗科技
LQDA,NASDAQ,XBI,医疗健康,生物制药
GMAB,NASDAQ,XBI,医疗健康,生物制药
ARMK,NYSE,XLY,消费,餐饮服务
