date,ticker,name,major,sub,benchmark,close,signal,entry_pct,minentry,maxentry,stop,atrpct,dev,selfvol,er22,er55,r0,mult,buf
2026-08-03,AA,Alcoa Corporation,矿业,铝加工,XME,44.84,Bad Market,,50.3184,50.9722,76.1619,0.0486,-0.6938,-0.2314,0.1368,0.238,-25.1897,3.5,0.2057
2026-08-03,AAOI,"Applied Optoelectronics, Inc.",科技硬件,光通信,XLK,110.21,Wait,,142.0219,146.5547,162.6624,0.1371,0.228,-0.0692,0.1558,0.1921,-16.1076,4,0.2
2026-08-03,AAPL,Apple Inc.,科技硬件,消费电子,QQQ,303.42,Wait,,343.1142,346.0623,305.6857,0.0324,-2.1316,0.2615,0.0756,0.0181,40.3766,3.5,0.3088
2026-08-03,ABVX,Abivax SA,医疗健康,生物技术,XLV,124.78,Wait,,146.0083,148.0457,117.4847,0.0544,-1.211,-0.0618,0.1163,0.0106,30.561,4,0.2
2026-08-03,ACLS,"Axcelis Technologies, Inc.",半导体,半导体,SOXX,131.12,Wait,,180.6126,184.0365,145.9478,0.087,-0.3445,0.143,0.3171,0.0814,38.0888,4,0.2
2026-08-03,ADI,"Analog Devices, Inc.",半导体,半导体,SOXX,361.88,Wait,,399.2688,403.7627,393.0516,0.0414,-1.1676,0.0356,0.1762,0.1342,10.7111,3.5,0.2416
2026-08-03,AEHR,Aehr Test Systems,半导体,半导体材料,SOXX,91.71,Wait,,101.2969,104.8771,68.8431,0.1301,1.1764,0.1743,0.0474,0.0315,36.034,4,0.2
2026-08-03,AEM,Agnico Eagle Mines Limited,矿业,金,GDX,147.42,Bad Market,,156.4142,158.1384,175.8539,0.039,0.4625,-0.1656,0.1191,0.23,-17.7154,3.5,0.2565
2026-08-03,AES,The AES Corporation,公用电力,再生能源,XLU,14.71,Bad Market,,14.8929,14.9126,14.6627,0.0045,-0.9425,-0.464,0.0909,0.1556,0.25,3,0.5
2026-08-03,AEVA,"Aeva Technologies, Inc.",科技硬件,电子元件,XLK,18.41,Wait,,28.2058,28.8144,21.1747,0.1102,0.1875,-0.0507,0.3518,0.0241,7.6397,4,0.2
2026-08-03,AG,First Majestic Silver Corp.,矿业,银,SIL,15.7,Bad Market,,18.0215,18.3239,19.9491,0.0642,-0.6038,-0.15,0.112,0.2308,-1.6253,4,0.2
2026-08-03,AGI,Alamos Gold Inc.,矿业,金,GDX,28.7,Bad Market,,31.867,32.2689,38.9612,0.0467,-0.4079,-0.2302,0.1179,0.2811,-6.6923,3.5,0.2142
2026-08-03,AGRO,Adecoagro S.A.,基础材料,农业,MOO,9.48,Bad Market,,11.4082,11.5554,11.687,0.0518,-1.5537,-0.1053,0.0,0.2699,-0.1316,4,0.2
2026-08-03,AHR,"American Healthcare REIT, Inc.",金融地产,医疗地产,XLRE,55.12,Wait,,58.2712,58.706,52.6477,0.0263,-0.5034,0.0228,0.09,0.0853,6.0582,3.5,0.3803
2026-08-03,AIR,AAR Corp.,航空国防,航空航天国防,ITA,143.06,Wait,,145.0406,146.9972,120.7828,0.0456,1.1473,0.201,0.0037,0.2195,26.2145,3.5,0.2193
2026-08-03,AKAM,"Akamai Technologies, Inc.",软件,软件,IGV,117.88,Wait,,130.6988,132.442,140.8023,0.0493,-0.2417,-0.0275,0.0788,0.2404,-8.3602,3.5,0.2029
2026-08-03,ALAB,"Astera Labs, Inc.",半导体,半导体,SOXX,321.05,Wait,,440.1417,451.2443,334.9853,0.1153,-0.4023,0.2639,0.2561,0.0871,116.259,4,0.2
2026-08-03,ALB,Albemarle Corporation,基础材料,锂电池,XLB,118.71,Wait,,137.2671,138.905,181.831,0.046,-0.5187,-0.2713,0.4187,0.4298,-42.926,3.5,0.2174
2026-08-03,ALGM,"Allegro MicroSystems, Inc.",半导体,半导体,SOXX,41.52,Wait,,64.0311,65.2778,52.9975,0.1001,-1.7614,0.1567,0.4546,0.0317,12.2803,4,0.2
2026-08-03,ALKS,Alkermes plc,医疗健康,生物制药,XBI,49.53,Wait,,55.7153,56.3159,48.2134,0.0404,-1.3357,0.191,0.1152,0.2157,8.1024,3.5,0.2474
2026-08-03,ALM,Almonty Industries Inc.,矿业,钨矿,XME,12.56,Bad Market,,16.8812,17.288,15.2759,0.108,-1.0409,-0.0406,0.1897,0.1658,2.0121,4,0.2
2026-08-03,AMD,"Advanced Micro Devices, Inc.",半导体,半导体,SOXX,484.64,Wait,,565.8893,577.8883,420.924,0.0825,-0.7605,0.3139,0.1178,0.034,156.9642,4,0.2
2026-08-03,AMKR,"Amkor Technology, Inc.",半导体,半导体材料,SOXX,50.84,Wait,,81.2234,83.0736,68.881,0.1213,-1.8778,0.1413,0.3806,0.1288,14.1926,4,0.2
2026-08-03,AMPX,"Amprius Technologies, Inc.",基础材料,锂电池,XLB,10.12,Wait,,13.7891,14.0879,18.9271,0.0984,-0.3962,-0.2448,0.2914,0.1694,-4.8392,4,0.2
2026-08-03,AMT,American Tower Corporation (REI,金融地产,通信铁塔,XLRE,173.0,Wait,,180.99,182.4707,176.8446,0.0285,0.9615,0.0365,0.1512,0.006,5.6262,3.5,0.3505
2026-08-03,AMZN,"Amazon.com, Inc.",科技硬件,互联网零售,QQQ,284.02,Too High,,274.4202,277.4037,239.1929,0.035,4.0385,0.2619,0.3759,0.054,38.2108,3.5,0.2856
2026-08-03,ANAB,"AnaptysBio, Inc.",医疗健康,生物制药,XBI,53.66,Wait,,70.5522,71.6655,54.9663,0.0692,-1.1727,0.0502,0.2071,0.0877,16.6991,4,0.2
2026-08-03,ANDG,Andersen Group Inc.,金融地产,个性化服务,XLF,47.68,Wait,,47.8173,48.5483,37.5835,0.0511,1.8267,0.0576,0.3893,0.1844,10.9648,4,0.2
2026-08-03,ANET,"Arista Networks, Inc.",科技硬件,硬件,XLK,184.89,Wait,,189.0526,192.1915,145.1084,0.0566,1.0195,0.1934,0.1496,0.1592,47.083,4,0.2
2026-08-03,APA,APA Corporation,油气,油气勘探开发,XLE,36.87,Wait,,37.6887,38.0677,36.4889,0.0343,1.4566,-0.0842,0.3311,0.0025,1.5788,3.5,0.2919
2026-08-03,APD,"Air Products and Chemicals, Inc",基础材料,化工,XLB,292.94,Wait,,317.1194,319.4463,287.0432,0.0265,-0.5942,0.0721,0.1816,0.0695,32.403,3.5,0.3777
2026-08-03,APH,Amphenol Corporation,科技硬件,光通信,XLK,163.34,Wait,,173.8534,176.1674,149.3228,0.0472,0.9479,0.1518,0.1114,0.1874,26.8446,3.5,0.2118
2026-08-03,APLD,Applied Digital Corporation,数据中心,数据中心,DTCR,29.49,Bad Market,,36.1561,37.1101,36.929,0.1078,0.2438,-0.0289,0.1776,0.1577,0.1812,4,0.2
2026-08-03,AR,Antero Resources Corporation,油气,油气勘探生产,XLE,36.48,Wait,,36.5048,36.8336,35.1443,0.03,1.8971,-0.0719,0.1228,0.0079,1.6892,3.5,0.3329
2026-08-03,ARM,Arm Holdings plc,半导体,半导体,SOXX,239.06,Wait,,342.6999,350.5446,334.8628,0.1094,-1.4959,0.1186,0.3659,0.0185,15.6818,4,0.2
2026-08-03,AROC,"Archrock, Inc.",油气,油气中游,AMLP,35.12,Wait,,39.9112,40.3459,36.8781,0.0413,-1.4616,0.1001,0.2427,0.0417,3.4678,3.5,0.2424
2026-08-03,ARQQ,Arqit Quantum Inc.,半导体,半导体,SOXX,18.45,Wait,,29.3,29.9749,20.7206,0.1219,0.1096,0.0271,0.381,0.06,9.2544,4,0.2
2026-08-03,ARXS,"Arxis, Inc.",航空国防,航空航天国防,ITA,53.73,Wait,,54.9669,55.9673,40.9619,0.0621,3.0361,0.2529,0.1977,0.237,15.0054,4,0.2
2026-08-03,ASC,Ardmore Shipping Corporation,航运,海运,SEA,17.44,Wait,,17.5644,17.7776,17.1925,0.0408,1.8095,0.0393,0.3914,0.061,0.5851,3.5,0.2454
2026-08-03,ASTS,"AST SpaceMobile, Inc.",航空国防,通讯设备,ITA,63.52,Wait,,87.4053,89.3632,106.9844,0.1027,-0.0421,-0.1808,0.3267,0.0399,-17.6212,4,0.2
2026-08-03,ASX,"ASE Technology Holding Co., Ltd",半导体,半导体,SOXX,36.68,Wait,,43.8624,44.6759,34.2728,0.0739,-0.7377,0.2818,0.1781,0.0135,10.4031,4,0.2
2026-08-03,AU,AngloGold Ashanti PLC,矿业,金,GDX,81.61,Bad Market,,85.4661,86.6559,88.489,0.0486,0.4827,-0.1031,0.0165,0.1533,-1.8331,3.5,0.2058
2026-08-03,AUGO,Aura Minerals Inc.,矿业,金,GDX,56.61,Bad Market,,68.4827,69.6118,64.9355,0.0665,0.0476,-0.1405,0.0706,0.1602,4.6763,4,0.2
2026-08-03,AVGO,Broadcom Inc.,半导体,半导体,SOXX,392.23,Wait,,405.0323,410.0326,423.2328,0.0425,0.45,0.0072,0.1247,0.0412,-13.2002,3.5,0.2353
2026-08-03,AVNT,Avient Corporation,基础材料,化工,XLB,37.39,Wait,,39.2639,39.6493,34.3938,0.0344,0.5325,0.0194,0.0306,0.0758,5.2555,3.5,0.2911
2026-08-03,AVT,"Avnet, Inc.",科技硬件,电子元器,XLK,88.88,Wait,,91.0188,91.9608,81.9403,0.0353,0.8124,0.1266,0.0458,0.029,10.0205,3.5,0.2831
2026-08-03,AVTR,"Avantor, Inc.",医疗健康,生命科学工具,XLV,13.67,Wait,,14.5167,14.7038,12.1968,0.0456,3.6231,0.2717,0.4575,0.3919,2.507,3.5,0.2191
2026-08-03,AXIA,AXIA Energia,油气,再生能源,XLE,10.56,Wait,,10.6056,10.6898,10.1077,0.0266,1.4626,-0.1197,0.0521,0.0473,0.5821,3.5,0.3763
2026-08-03,AXP,American Express Company,金融地产,支付,XLF,344.72,Wait,,365.0172,367.571,336.0326,0.0247,-0.1498,0.0385,0.0274,0.1526,31.5384,3,0.405
2026-08-03,AXTI,AXT Inc,半导体,半导体,SOXX,68.67,Wait,,67.0857,70.1693,99.7153,0.1497,1.5834,0.0022,0.0304,0.138,-29.546,4,0.2
2026-08-03,B,Barrick Mining Corporation,矿业,金,GDX,37.36,Bad Market,,38.5836,38.9964,40.0544,0.0368,0.6167,-0.1315,0.0576,0.1513,-1.058,3.5,0.2715
2026-08-03,BAC,Bank of America Corporation,金融地产,银行,XLF,62.48,Wait,,63.1792,63.5148,59.2645,0.0179,1.4332,-0.0417,0.299,0.4064,4.2503,3,0.5
2026-08-03,BB,BlackBerry Limited,软件,软件,IGV,8.52,Wait,,12.9448,13.1469,10.1146,0.0791,-1.5812,0.1461,0.5885,0.121,3.0323,4,0.2
2026-08-03,BBIO,"BridgeBio Pharma, Inc.",医疗健康,生物科技,XBI,79.96,Wait,,90.9696,91.8642,79.7331,0.0373,-0.8488,-0.0331,0.1373,0.1435,12.1311,3.5,0.2681
2026-08-03,BBVA,Banco Bilbao Vizcaya Argentaria,金融地产,银行,XLF,28.36,Enter,0.6243,28.2336,28.4361,25.9252,0.0238,3.5996,0.0957,0.3147,0.3026,2.5109,3,0.4202
2026-08-03,BCPC,Balchem Corporation,基础材料,化工,XLB,173.57,Too High,,170.6257,171.8652,158.8247,0.0238,2.365,0.0632,0.1128,0.1631,13.0405,3,0.4201
2026-08-03,BDC,Belden Inc,科技硬件,网络基础,XLK,122.73,Wait,,125.2773,126.8849,105.2949,0.0437,3.1275,0.1021,0.0889,0.0971,21.5899,3.5,0.229
2026-08-03,BE,Bloom Energy Corporation,公用电力,电力,GRID,218.32,Bad Market,,301.0696,310.0991,225.4573,0.1379,-0.1122,0.1808,0.2106,0.0816,84.6418,4,0.2
2026-08-03,BELFB,Bel Fuse Inc.,科技硬件,电子元件,XLK,274.83,Wait,,321.8803,327.6108,256.6339,0.0695,0.3566,0.1869,0.1725,0.0159,70.9768,4,0.2
2026-08-03,BEPC,Brookfield Renewable Corporatio,公用电力,电力,XLU,34.16,Bad Market,,37.0916,37.4483,35.8182,0.0348,0.0408,-0.03,0.2193,0.1128,1.6301,3.5,0.2873
2026-08-03,BHE,"Benchmark Electronics, Inc.",科技硬件,解决方案,XLK,80.96,Wait,,96.007,97.5024,78.7306,0.0616,-0.0517,0.2579,0.2631,0.0395,18.7719,4,0.2
2026-08-03,BKH,Black Hills Corporation,公用电力,天然气/电力,XLU,71.23,Bad Market,,76.5223,76.9894,71.3693,0.0219,-1.8678,-0.0681,0.1489,0.0571,5.62,3,0.4575
2026-08-03,BKNG,Booking Holdings Inc. Common St,消费,在线旅游,XLY,192.71,Wait,,203.2271,205.388,176.09,0.0374,1.4074,0.0924,0.1255,0.216,29.298,3.5,0.2675
2026-08-03,BKR,Baker Hughes Company,油气,油气设备服务,XLE,60.81,Wait,,61.1981,61.7926,59.8544,0.0326,1.7998,0.0413,0.3432,0.0786,1.9382,3.5,0.3069
2026-08-03,BKV,BKV Corporation,油气,油气勘探开发,XLE,24.44,Wait,,27.5944,27.8923,26.0249,0.0406,-1.1074,-0.0507,0.2942,0.1413,1.8674,3.5,0.2461
2026-08-03,BLK,"BlackRock, Inc.",金融地产,资管,XLF,1126.63,Too High,,1109.6363,1118.3962,1001.8317,0.0259,2.5458,0.0467,0.3556,0.0365,116.5645,3.5,0.3858
2026-08-03,BNTX,BioNTech SE,医疗健康,生物技术,XBI,92.25,Wait,,98.4675,99.2299,88.6505,0.0275,0.1112,-0.1245,0.0637,0.0003,10.5794,3.5,0.363
2026-08-03,BP,BP p.l.c.,油气,综合油气,XLE,44.26,Wait,,45.6626,45.9841,42.9245,0.0242,2.4785,0.028,0.4906,0.0032,3.0596,3,0.4129
2026-08-03,BTSG,"BrightSpring Health Services, I",医疗健康,医疗健康,XLV,60.465,Wait,,73.6286,74.7065,58.5381,0.0594,-2.6901,0.4336,0.2327,0.0536,16.1684,4,0.2
2026-08-03,BTU,Peabody Energy Corporation,油气,煤矿,XLE,21.79,Wait,,24.2738,24.6245,26.534,0.0536,-0.935,-0.1502,0.0406,0.0625,-1.9096,4,0.2
2026-08-03,BUD,Anheuser-Busch Inbev SA Sponsor,消费,消费必需品,XLP,84.05,Wait,,87.3205,87.889,80.7952,0.0225,1.4249,0.1483,0.1659,0.0711,7.0937,3,0.4436
2026-08-03,BVN,Buenaventura Mining Company Inc,矿业,金,GDX,30.47,Bad Market,,32.3947,32.8361,33.3204,0.0483,0.019,-0.1021,0.0823,0.1578,-0.4843,3.5,0.2071
2026-08-03,BWLP,BW LPG Limited,航运,海运,SEA,21.87,Wait,,22.7787,22.9913,20.1296,0.0324,1.4985,0.0539,0.3984,0.0598,2.8617,3.5,0.3086
2026-08-03,BWXT,"BWX Technologies, Inc.",航空国防,航空航天国防,ITA,173.79,Wait,,198.6279,200.9536,183.8064,0.0446,-0.3225,-0.0519,0.1914,0.1534,17.1472,3.5,0.2242
2026-08-03,CAMT,Camtek Ltd.,半导体,半导体,SOXX,139.79,Wait,,159.1383,162.6607,150.7843,0.084,-0.3737,0.0338,0.1196,0.076,11.8764,4,0.2
2026-08-03,CAT,"Caterpillar, Inc.",工业,工业机械,XLI,830.03,Wait,,999.7103,1011.9294,922.3435,0.0491,-1.513,0.1707,0.4197,0.0588,89.5859,3.5,0.2038
2026-08-03,CBRS,Cerebras Systems Inc.,半导体,半导体,SOXX,219.97,Wait,,226.4153,234.1332,,0.117,1.0161,-0.0488,0.0045,,,4,0.2
2026-08-03,CCJ,Cameco Corporation,矿业,铀,URA,89.72,Bad Market,,98.3972,99.7111,105.1808,0.0488,-0.0747,-0.1343,0.1784,0.1891,-5.4697,3.5,0.2049
2026-08-03,CDE,"Coeur Mining, Inc.",矿业,银,SIL,15.56,Bad Market,,17.4867,17.7667,16.0062,0.06,0.1827,-0.152,0.0849,0.1322,1.7605,4,0.2
2026-08-03,CDW,CDW Corporation,科技硬件,IT,XLK,147.7,Wait,,149.397,151.014,129.0544,0.0365,1.8474,0.041,0.146,0.2828,21.9596,3.5,0.274
2026-08-03,CEG,Constellation Energy Corporatio,公用电力,核电,XLU,273.71,Bad Market,,278.3371,281.2644,267.4178,0.0357,1.5939,-0.1362,0.3669,0.0038,13.8466,3.5,0.2805
2026-08-03,CELC,Celcuity Inc.,医疗健康,生物技术,XBI,87.72,Wait,,116.9265,118.7362,118.4,0.0688,-1.2076,-0.1122,0.1997,0.1722,0.3362,4,0.2
2026-08-03,CENX,Century Aluminum Company,基础材料,铝,XLB,45.2,Wait,,47.1611,47.8828,59.1473,0.0532,0.2353,-0.2105,0.0914,0.1942,-11.2645,4,0.2
2026-08-03,CF,"CF Industries Holdings, Inc.",基础材料,化肥,MOO,118.3,Bad Market,,128.533,129.8516,112.4764,0.0372,-0.6232,-0.0539,0.1785,0.0618,17.3752,3.5,0.2692
2026-08-03,CGAU,Centerra Gold Inc.,矿业,金,GDX,17.61,Bad Market,,18.4961,18.7469,15.9537,0.0475,1.6739,0.0011,0.194,0.0469,2.7932,3.5,0.2106
2026-08-03,CGNX,Cognex Corporation,工业,工业设备,XLI,67.44,Wait,,71.9844,72.9596,61.0425,0.0482,1.183,0.1357,0.103,0.0405,11.9171,3.5,0.2075
2026-08-03,CGON,"CG Oncology, Inc.",医疗健康,生物技术,XLV,69.15,Wait,,76.0168,77.182,59.7043,0.0562,-0.561,0.1229,0.0397,0.0469,17.4777,4,0.2
2026-08-03,CHRD,Chord Energy Corporation,油气,油气勘探开发,XLE,139.33,Wait,,141.7733,143.2277,132.6817,0.0348,2.3397,0.012,0.4351,0.0179,10.5461,3.5,0.2874
2026-08-03,CHRN,ChronoScale Holdings Corporatio,数据中心,数据中心,DTCR,23.93,Bad Market,,30.2647,31.2167,16.9363,0.1326,0.5214,0.2885,0.1523,0.0882,14.2804,4,0.2
2026-08-03,CIEN,Ciena Corporation,科技硬件,光通信,XLK,390.76,Wait,,468.8052,478.353,499.6957,0.0814,-0.418,0.0133,0.1817,0.1795,-21.3427,4,0.2
2026-08-03,CIFR,Cipher Digital Inc.,数据中心,数据中心,DTCR,24.16,Bad Market,,26.405,27.2824,17.4809,0.1211,0.9758,0.2475,0.0349,0.038,9.8015,4,0.2
2026-08-03,CL,Colgate-Palmolive Company,消费,消费必需品,XLP,89.88,Wait,,96.0288,96.7765,86.4069,0.0277,-0.92,0.1536,0.0946,0.0309,10.3695,3.5,0.3606
2026-08-03,CLF,Cleveland-Cliffs Inc.,基础材料,钢铁,XLB,11.22,Wait,,12.3878,12.5946,11.9936,0.0614,1.3996,0.0397,0.2564,0.0103,0.601,4,0.2
2026-08-03,CLMT,"Calumet, Inc",油气,燃料油,XLE,42.37,Wait,,44.6137,45.1252,38.2227,0.0402,0.6942,0.132,0.3857,0.3047,6.9025,3.5,0.2485
2026-08-03,CLS,"Celestica, Inc.",科技硬件,电子元件,XLK,341.91,Wait,,367.2175,375.6138,360.4496,0.0819,0.2394,0.1164,0.0607,0.0358,15.1641,4,0.2
2026-08-03,CLSK,"CleanSpark, Inc.",数据中心,数据中心,DTCR,14.65,Bad Market,,15.9038,16.3445,12.9343,0.1003,0.6784,0.1483,0.0584,0.0346,3.4102,4,0.2
2026-08-03,CMBT,CMB.TECH NV,航运,海运,SEA,16.25,Wait,,16.3225,16.4705,15.5332,0.0304,1.5627,-0.0286,0.3406,0.0685,0.9373,3.5,0.3294
2026-08-03,CMG,"Chipotle Mexican Grill, Inc.",消费,餐饮,XLY,37.46,Wait,,38.8946,39.3417,33.3043,0.0398,2.0843,0.163,0.1214,0.128,6.0374,3.5,0.2514
2026-08-03,CNP,"CenterPoint Energy, Inc (Holdin",公用电力,电力,XLU,41.92,Bad Market,,45.0292,45.3188,42.1443,0.023,-1.6307,0.1337,0.1609,0.0094,3.1745,3,0.4343
2026-08-03,CNQ,Canadian Natural Resources Limi,油气,油气勘探开发,XLE,46.36,Wait,,48.1436,48.5139,45.1002,0.0266,1.9198,0.0038,0.4043,0.0206,3.4137,3.5,0.3756
2026-08-03,COHR,Coherent Corp.,科技硬件,光通信,XLK,288.14,Wait,,374.7204,383.8261,305.481,0.1053,-0.1433,0.0814,0.2418,0.1273,78.3451,4,0.2
2026-08-03,COIN,"Coinbase Global, Inc.",金融地产,加密金融,XLF,146.5,Wait,,177.9962,181.2154,169.0871,0.0732,-1.445,-0.0561,0.1088,0.1704,12.1283,4,0.2
2026-08-03,COP,ConocoPhillips,油气,油气勘探开发,XLE,119.16,Wait,,121.6716,122.6188,114.0599,0.0265,1.5835,-0.0101,0.3852,0.0178,8.5589,3.5,0.3774
2026-08-03,CORT,Corcept Therapeutics Incorporat,医疗健康,生物制药,XBI,112.8,Wait,,119.5318,121.3495,94.0843,0.0537,3.0113,0.4986,0.3152,0.4285,27.2652,4,0.2
2026-08-03,CORZ,"Core Scientific, Inc.",数据中心,数据中心,DTCR,22.83,Bad Market,,24.4395,25.0839,20.569,0.0941,0.3067,0.2493,0.0318,0.0217,4.5148,4,0.2
2026-08-03,COST,Costco Wholesale Corporation,消费,消费必需品,XLP,954.08,Wait,,983.5708,989.5414,1034.6145,0.0209,0.7504,0.0027,0.133,0.1297,-45.0732,3,0.4794
2026-08-03,CRC,California Resources Corporatio,油气,油气勘探开发,XLE,52.14,Wait,,54.7714,55.2914,56.4329,0.0332,-0.0199,-0.0892,0.0216,0.1408,-1.1415,3.5,0.3008
2026-08-03,CRDO,Credo Technology Group Holding ,半导体,半导体,SOXX,218.35,Wait,,270.1953,277.0132,211.6145,0.1041,-0.3021,0.1256,0.1476,0.0411,65.3987,4,0.2
2026-08-03,CRGY,Crescent Energy Company,油气,油气勘探开发,XLE,11.43,Wait,,11.5843,11.7135,12.2126,0.0377,2.3254,-0.0576,0.3603,0.0839,-0.4991,3.5,0.2654
2026-08-03,CRUS,"Cirrus Logic, Inc.",半导体,半导体,SOXX,127.33,Wait,,151.6333,153.1881,160.7612,0.0407,-2.3556,-0.0871,0.3981,0.2411,-7.5731,3.5,0.2457
2026-08-03,CRWD,"CrowdStrike Holdings, Inc.",软件,软件,IGV,202.54,Wait,,212.7554,215.6432,177.0392,0.0475,1.0686,0.1909,0.0818,0.229,38.604,3.5,0.2104
2026-08-03,CRWV,"CoreWeave, Inc.",软件,软件,IGV,85.76,Wait,,91.639,94.0975,92.0401,0.0956,0.9597,0.0086,0.0008,0.1041,2.0574,4,0.2
2026-08-03,CSCO,"Cisco Systems, Inc.",科技硬件,通讯,XLK,115.86,Wait,,122.4686,123.543,117.4656,0.0309,0.4758,0.0727,0.0261,0.1069,6.0774,3.5,0.3235
2026-08-03,CSTM,Constellium SE,基础材料,铝加工,XLB,28.42,Wait,,30.5242,30.9384,31.3181,0.0486,-0.4031,-0.013,0.1444,0.1437,-0.3797,3.5,0.2059
2026-08-03,CSX,CSX Corporation,工业,铁路/联运,IYT,49.83,Wait,,53.7283,54.078,49.7331,0.0234,-0.3749,0.1708,0.1204,0.1845,4.3449,3,0.4275
2026-08-03,CTVA,"Corteva, Inc.",基础材料,农业,MOO,76.04,Bad Market,,91.2704,92.0406,81.5249,0.0338,-4.1254,0.2539,0.2153,0.1199,10.5156,3.5,0.2962
2026-08-03,CVE,Cenovus Energy Inc,油气,综合油气,XLE,29.57,Wait,,30.6157,30.9186,28.2662,0.0341,1.7254,0.093,0.3803,0.0032,2.6523,3.5,0.2929
2026-08-03,CVX,Chevron Corporation,油气,综合油气,XLE,193.18,Wait,,198.7618,200.0544,184.3244,0.0223,1.8187,0.0173,0.487,0.0532,15.7299,3,0.4484
2026-08-03,CWEN,"Clearway Energy, Inc.",公用电力,电力,XLU,32.06,Bad Market,,34.7706,35.1055,37.3533,0.0348,-0.8547,-0.0295,0.155,0.1937,-2.2478,3.5,0.2872
2026-08-03,D,"Dominion Energy, Inc.",公用电力,电力,XLU,68.75,Bad Market,,72.3249,72.7059,67.8804,0.0185,-1.3182,-0.0094,0.0726,0.1532,4.8255,3,0.5
2026-08-03,DAR,Darling Ingredients Inc.,基础材料,化工,XLB,59.76,Wait,,65.3776,65.9923,57.608,0.0343,-0.7081,0.0507,0.1385,0.051,8.3843,3.5,0.2916
2026-08-03,DBD,Diebold Nixdorf Incorporated,软件,软件,IGV,77.48,Wait,,91.5487,92.7468,74.7757,0.0515,-1.7116,0.2616,0.1448,0.0679,17.9711,4,0.2
2026-08-03,DBX,"Dropbox, Inc.",软件,软件,IGV,33.05,Wait,,33.6605,34.0055,29.3047,0.0348,2.5381,0.1721,0.3854,0.2295,4.7008,3.5,0.2874
2026-08-03,DELL,Dell Technologies Inc.,科技硬件,硬件,XLK,429.02,Wait,,464.4493,474.8132,327.7748,0.0805,0.3555,0.3843,0.009,0.1965,147.0384,4,0.2
2026-08-03,DGII,Digi International Inc.,科技硬件,通讯设备,XLK,70.4,Wait,,74.824,75.6831,64.9275,0.0407,1.0403,0.0788,0.1146,0.0638,10.7556,3.5,0.2458
2026-08-03,DGX,Quest Diagnostics Incorporated,医疗健康,诊断检测,XLV,231.95,Wait,,238.2595,240.1563,213.8107,0.0273,2.4029,0.206,0.2647,0.3022,26.3456,3.5,0.3669
2026-08-03,DHT,"DHT Holdings, Inc.",航运,海运,SEA,18.53,Wait,,18.7753,18.9801,17.5703,0.0368,0.8129,-0.017,0.2762,0.0358,1.4098,3.5,0.2714
2026-08-03,DINO,HF Sinclair Corporation,油气,炼油,XLE,88.65,Wait,,93.3265,94.35,80.4993,0.0385,0.907,0.2224,0.4378,0.2434,13.8506,3.5,0.2598
2026-08-03,DIOD,Diodes Incorporated,半导体,半导体,SOXX,82.09,Wait,,106.7035,108.6739,96.4892,0.08,-1.1761,0.0828,0.3174,0.0932,12.1847,4,0.2
2026-08-03,DIS,Walt Disney Company (The),通讯服务,影视娱乐,XLC,98.14,Bad Market,,100.6914,101.3888,98.4457,0.0237,0.6571,0.0036,0.0815,0.0987,2.9431,3,0.4222
2026-08-03,DLR,"Digital Realty Trust, Inc.",金融地产,房地产,XLRE,191.22,Wait,,200.9922,202.9978,175.6817,0.035,1.4507,0.2859,0.2029,0.0125,27.3161,3.5,0.286
2026-08-03,DOW,Dow Inc.,基础材料,化工,XLB,29.89,Wait,,31.5489,31.9054,34.6806,0.0398,0.1855,-0.107,0.215,0.2782,-2.7751,3.5,0.2515
2026-08-03,DSX,Diana Shipping inc.,航运,海运,SEA,2.5,Too High,,2.455,2.4843,2.4187,0.039,3.2915,-0.0368,0.4343,0.0909,0.0656,3.5,0.2563
2026-08-03,DTM,"DT Midstream, Inc.",油气,油气中游,AMLP,135.33,Wait,,149.6133,150.6826,138.6447,0.0263,-2.2987,0.0697,0.2207,0.1222,12.0379,3.5,0.3797
2026-08-03,DUK,Duke Energy Corporation (Holdin,公用电力,电力,XLU,124.28,Bad Market,,131.7369,132.467,123.2189,0.0196,-1.092,0.0818,0.0462,0.0053,9.2481,3,0.5
2026-08-03,DVN,Devon Energy Corporation,油气,油气勘探开发,XLE,44.57,Wait,,45.7357,46.1309,45.0797,0.0296,0.8154,-0.0754,0.2738,0.0539,1.0512,3.5,0.3384
2026-08-03,EA,Electronic Arts Inc.,通讯服务,游戏,XLC,209.91,Bad Market,,210.2089,210.4182,207.7667,0.0033,2.9408,-0.2415,0.5915,0.4587,2.6515,3,0.5
2026-08-03,ECO,Okeanis Eco Tankers Corp.,航运,海运,SEA,61.38,Enter,0.6679,60.9438,61.5969,52.7105,0.0355,2.3544,0.0222,0.4324,0.1069,8.8864,3.5,0.2819
2026-08-03,EFXT,Enerflex Ltd,油气,油气设备服务,XLE,21.77,Wait,,24.6277,24.9173,24.7816,0.0443,-1.4753,0.023,0.1692,0.1997,0.1357,3.5,0.2255
2026-08-03,ELAN,Elanco Animal Health Incorporat,医疗健康,动物制药,XLV,25.72,Wait,,26.7172,26.9841,23.3459,0.0346,0.3759,-0.0613,0.2242,0.1568,3.6382,3.5,0.2891
2026-08-03,EMN,Eastman Chemical Company,基础材料,化工,XLB,71.98,Too High,,70.7898,71.4378,69.11,0.03,1.7051,-0.0307,0.2556,0.0316,2.3278,3.5,0.3332
2026-08-03,EMR,Emerson Electric Company,工业,工业机械,XLI,154.85,Too High,,153.3585,154.6565,136.667,0.0279,3.0558,0.0276,0.2976,0.1355,17.9895,3.5,0.3579
2026-08-03,ENB,Enbridge Inc,油气,油气中游,AMLP,54.1,Wait,,57.3272,57.6076,55.2367,0.0173,-1.4688,-0.0082,0.0699,0.0332,2.3709,3,0.5
2026-08-03,ENPH,"Enphase Energy, Inc.",公用电力,太阳能,TAN,39.35,Bad Market,,47.4451,48.3529,60.2271,0.0769,-0.4449,-0.1318,0.2398,0.0193,-11.8742,4,0.2
2026-08-03,ENS,EnerSys,工业,锂电池,XLI,188.84,Wait,,222.3881,225.2803,204.7773,0.0511,-0.7641,0.1018,0.2793,0.1426,20.5031,4,0.2
2026-08-03,ENTG,"Entegris, Inc.",半导体,半导体材料,SOXX,125.2,Wait,,167.3489,170.5872,140.8222,0.0862,-0.7362,0.1215,0.312,0.0547,29.765,4,0.2
2026-08-03,EPD,Enterprise Products Partners L.,油气,油气中游,AMLP,37.87,Wait,,39.2657,39.4911,37.5457,0.0198,-0.2781,0.061,0.1661,0.0202,1.9455,3,0.5
2026-08-03,EQIX,"Equinix, Inc.",数据中心,数据中心,DTCR,1031.4399,Bad Market,,1094.5544,1104.7462,997.0354,0.0329,0.0618,0.2592,0.0495,0.0612,107.7108,3.5,0.3036
2026-08-03,EQNR,Equinor ASA,油气,综合油气,XLE,39.91,Wait,,41.4991,41.8868,36.5763,0.0324,2.0557,0.0597,0.4623,0.0407,5.3105,3.5,0.3088
2026-08-03,EQX,Equinox Gold Corp.,矿业,金,GDX,9.18,Bad Market,,10.4071,10.5528,12.5476,0.0529,-0.2862,-0.2339,0.0995,0.2719,-1.9948,4,0.2
2026-08-03,ERAS,"Erasca, Inc.",医疗健康,生物技术,XBI,17.84,Wait,,21.5043,21.8708,16.374,0.0685,-0.8833,0.028,0.0058,0.2394,5.4968,4,0.2
2026-08-03,ERIC,Ericsson,科技硬件,通讯设备,XLK,10.08,Wait,,11.8208,11.9157,12.6323,0.0314,-0.3239,-0.0609,0.1522,0.1691,-0.7166,3.5,0.3185
2026-08-03,ES,Eversource Energy (D/B/A),公用电力,电力,XLU,71.95,Bad Market,,76.1095,76.5896,70.5887,0.0222,-1.4321,0.0463,0.0137,0.0831,6.0009,3,0.4496
2026-08-03,ESE,ESCO Technologies Inc.,航空国防,航空航天国防,ITA,318.13,Wait,,345.7313,349.3252,312.9707,0.0377,-0.5267,0.0537,0.1673,0.0564,36.3545,3.5,0.2656
2026-08-03,ESI,Element Solutions Inc.,基础材料,化工,XLB,37.69,Wait,,46.131,46.7174,41.271,0.0519,-0.2929,0.0765,0.3276,0.1009,5.4464,4,0.2
2026-08-03,ETN,"Eaton Corporation, PLC",工业,工业机械,XLI,438.23,Too High,,419.9023,425.9502,365.2207,0.046,1.8254,0.2224,0.1067,0.0551,60.7295,3.5,0.2174
2026-08-03,ETR,Entergy Corporation,公用电力,电力,XLU,108.06,Bad Market,,117.0306,117.796,108.6758,0.0236,-2.0385,0.1017,0.1839,0.0653,9.1202,3,0.4235
2026-08-03,EVRG,"Evergy, Inc.",公用电力,电力,XLU,83.23,Bad Market,,88.9187,89.3919,83.3978,0.019,-1.5338,0.0632,0.1634,0.0177,5.9942,3,0.5
2026-08-03,EW,Edwards Lifesciences Corporatio,医疗健康,医疗器械,IHI,88.82,Wait,,96.0682,96.8338,86.248,0.0287,0.4048,0.056,0.1195,0.121,10.5858,3.5,0.348
2026-08-03,EXC,Exelon Corporation,公用电力,电力,XLU,45.63,Bad Market,,48.3363,48.6492,44.7513,0.0229,-1.0322,0.0849,0.0504,0.0491,3.8979,3,0.4375
2026-08-03,EXE,Expand Energy Corporation,油气,油气勘探开发,XLE,94.66,Wait,,94.9766,95.7304,92.0959,0.0265,1.9838,-0.0459,0.1889,0.015,3.6345,3.5,0.3767
2026-08-03,EXK,Endeavour Silver Corporation,矿业,银,SIL,7.73,Bad Market,,8.6588,8.8071,9.3034,0.0639,-0.3096,-0.171,0.1107,0.2109,-0.4964,4,0.2
2026-08-03,EXTR,"Extreme Networks, Inc.",科技硬件,网络,XLK,29.98,Wait,,34.0098,34.4172,28.9574,0.0453,-0.559,0.1284,0.0867,0.1741,5.4598,3.5,0.2208
2026-08-03,F,Ford Motor Company,消费,可选消费,XLY,14.43,Wait,,15.4243,15.5879,15.5316,0.0378,0.3714,0.08,0.1571,0.0484,0.0563,3.5,0.2646
2026-08-03,FANG,"Diamondback Energy, Inc.",油气,油气勘探开发,XLE,198.75,Wait,,207.4775,209.3489,188.7565,0.0314,0.9191,0.0228,0.3402,0.0123,20.5924,3.5,0.3186
2026-08-03,FCX,"Freeport-McMoRan, Inc.",矿业,铜,COPX,63.64,Bad Market,,65.6364,66.4929,61.727,0.0449,0.8795,0.0177,0.0965,0.0388,4.766,3.5,0.2229
2026-08-03,FE,FirstEnergy Corp.,公用电力,电力,XLU,48.43,Bad Market,,50.3791,50.6545,47.1656,0.019,-0.3202,0.028,0.1232,0.1657,3.4889,3,0.5
2026-08-03,FLEX,Flex Ltd.,科技硬件,电子元件,XLK,117.45,Wait,,155.4577,158.3494,123.5151,0.0821,-0.7257,0.2128,0.331,0.0937,34.8342,4,0.2
2026-08-03,FLNC,"Fluence Energy, Inc.",公用电力,电力,GRID,14.56,Bad Market,,18.6884,19.1811,21.3412,0.1128,-0.0971,-0.1836,0.223,0.117,-2.1601,4,0.2
2026-08-03,FLNG,FLEX LNG Ltd.,航运,海运,SEA,30.83,Wait,,31.6083,31.8422,30.0017,0.0253,0.177,-0.0434,0.2115,0.0355,1.8405,3.5,0.3955
2026-08-03,FLOC,Flowco Holdings Inc.,油气,油气设备服务,XLE,20.23,Wait,,21.0923,21.3493,25.0913,0.0424,0.1576,-0.1101,0.0488,0.2608,-3.7419,3.5,0.2361
2026-08-03,FLR,Fluor Corporation,工业,建筑,XLI,50.17,Wait,,53.7617,54.4107,46.848,0.0431,-0.0756,0.0314,0.0068,0.0833,7.5627,3.5,0.2319
2026-08-03,FLS,Flowserve Corporation,工业,工业设备,XLI,76.54,Wait,,76.7554,77.705,70.6208,0.0414,1.8421,0.0442,0.1247,0.111,7.0842,3.5,0.2418
2026-08-03,FN,Fabrinet,科技硬件,光通信,XLK,455.94,Wait,,554.5755,565.6688,598.5593,0.0811,-0.5488,-0.0837,0.2362,0.1979,-32.8905,4,0.2
2026-08-03,FORM,"FormFactor, Inc.",半导体,半导体材料,SOXX,108.8,Wait,,149.3742,152.7404,115.0469,0.1031,0.0727,0.1158,0.2648,0.0535,37.6935,4,0.2
2026-08-03,FPS,"Forgent Power Solutions, Inc.",工业,电气设备,XLI,36.29,Wait,,50.615,51.6876,50.2894,0.0985,-0.9271,0.0143,0.3427,0.076,1.3981,4,0.2
2026-08-03,FRO,Frontline Plc,航运,海运,SEA,39.91,Enter,0.3257,39.7691,40.2018,37.8321,0.0361,1.29,-0.0384,0.2952,0.0607,2.3696,3.5,0.2767
2026-08-03,FSLR,"First Solar, Inc.",公用电力,太阳能,TAN,232.73,Bad Market,,235.4256,238.974,270.9383,0.0508,1.5649,-0.0314,0.0058,0.0047,-31.9643,4,0.2
2026-08-03,FTI,TechnipFMC plc,油气,油气设备服务,XLE,69.19,Wait,,77.4419,78.2171,67.7057,0.0373,-1.2109,0.128,0.1367,0.048,10.5114,3.5,0.2678
2026-08-03,FTNT,"Fortinet, Inc.",软件,软件/网络安全,IGV,163.21,Wait,,168.4621,170.6208,141.645,0.0441,0.7065,0.2916,0.06,0.2647,28.9759,3.5,0.2268
2026-08-03,FUL,H. B. Fuller Company,基础材料,材料,XLB,57.01,Wait,,58.9701,59.5122,58.536,0.0317,0.4156,-0.109,0.0148,0.0385,0.9762,3.5,0.3155
2026-08-03,GEHC,GE HealthCare Technologies Inc.,医疗健康,医疗器械,IHI,69.73,Wait,,72.5973,73.3611,62.9894,0.0365,2.1193,0.1611,0.1467,0.1238,10.3717,3.5,0.2739
2026-08-03,GEL,"Genesis Energy, L.P.",油气,油气中游,AMLP,15.44,Wait,,15.4644,15.6044,14.7668,0.0302,1.3319,-0.0421,0.3486,0.0261,0.8376,3.5,0.3309
2026-08-03,GENB,"Generate Biomedicines, Inc.",医疗健康,生物制药,XBI,14.34,Wait,,17.5956,17.8741,13.6972,0.0647,0.0501,-0.1325,0.246,0.0616,4.1769,4,0.2
2026-08-03,GEV,GE Vernova Inc.,公用电力,电气设备,GRID,1006.76,Bad Market,,1164.7885,1183.9112,919.891,0.0633,-0.4637,0.2075,0.1864,0.0324,264.0202,4,0.2
2026-08-03,GFI,Gold Fields Limited,矿业,金,GDX,33.96,Bad Market,,35.7996,36.2219,39.8537,0.0414,0.7154,-0.2377,0.0132,0.192,-3.6319,3.5,0.2413
2026-08-03,GFS,GlobalFoundries Inc.,半导体,半导体,SOXX,50.01,Wait,,78.0258,79.2195,74.0438,0.0796,-2.2611,-0.0031,0.5917,0.1616,5.1757,4,0.2
2026-08-03,GLNG,Golar LNG Limited,油气,油气中游,AMLP,49.16,Wait,,52.4116,52.8164,52.5069,0.0275,-0.5013,-0.0448,0.0427,0.238,0.3096,3.5,0.3643
2026-08-03,GLW,Corning Incorporated,科技硬件,电子元件,XLK,146.64,Wait,,223.5796,228.0039,196.6988,0.1006,-1.0578,0.102,0.4416,0.1171,31.3051,4,0.2
2026-08-03,GNK,Genco Shipping & Trading Limite,航运,海运,SEA,26.24,Wait,,27.0324,27.2853,23.8193,0.0321,1.1067,0.0516,0.1391,0.0321,3.466,3.5,0.3112
2026-08-03,GOOGL,Alphabet Inc.,通讯服务,互联网媒体,XLC,373.51,Bad Market,,374.6551,378.5132,357.6087,0.0344,1.9794,0.1787,0.0737,0.0847,20.9046,3.5,0.2904
2026-08-03,GRDN,"Guardian Pharmacy Services, Inc",医疗健康,药房,XLV,40.81,Wait,,42.5381,43.0737,37.1515,0.0437,0.1745,0.0593,0.0864,0.1265,5.9222,3.5,0.2286
2026-08-03,GRMN,Garmin Ltd.,消费,可选消费,XLY,304.76,Too High,,300.5976,303.6672,261.7377,0.0336,5.1577,0.3374,0.5465,0.3309,41.9295,3.5,0.2978
2026-08-03,GS,"Goldman Sachs Group, Inc. (The)",金融地产,投行,XLF,1027.0601,Wait,,1162.3405,1173.697,1019.5784,0.0369,-0.894,0.1638,0.0143,0.0646,154.1186,3.5,0.2713
2026-08-03,GSAT,"Globalstar, Inc.",航空国防,卫星通信,ITA,84.18,Enter,0.5413,83.9839,84.3462,80.8067,0.0143,3.5909,-0.3316,0.2771,0.0651,3.5395,3,0.5
2026-08-03,GSK,GSK plc,医疗健康,制药,XLV,51.51,Wait,,54.2251,54.6155,49.1558,0.0253,-0.3781,0.1154,0.0131,0.0142,5.4597,3.5,0.3959
2026-08-03,HAFN,Hafnia Limited,航运,海运,SEA,7.61,Wait,,7.7661,7.8305,8.1492,0.0282,0.8694,-0.1085,0.3875,0.1448,-0.3188,3.5,0.3548
2026-08-03,HAL,Halliburton Company,油气,油气设备服务,XLE,31.89,Wait,,35.7389,36.0622,39.208,0.0338,-1.5983,-0.0575,0.0972,0.2756,-3.1458,3.5,0.2959
2026-08-03,HBM,Hudbay Minerals Inc.,矿业,铜,COPX,23.4,Bad Market,,23.8255,24.2388,26.3592,0.0589,1.042,-0.0118,0.0512,0.0873,-2.1204,4,0.2
2026-08-03,HCC,"Warrior Met Coal, Inc.",矿业,焦煤,XME,80.5,Bad Market,,84.135,85.0814,99.2392,0.0392,0.0926,-0.1835,0.0761,0.0358,-14.1579,3.5,0.2552
2026-08-03,HD,"Home Depot, Inc. (The)",消费,家居零售,XLY,340.02,Wait,,361.3002,363.9942,326.4695,0.0264,0.2517,0.0297,0.0928,0.1432,37.5248,3.5,0.3786
2026-08-03,HIMX,"Himax Technologies, Inc.",半导体,半导体,SOXX,12.78,Wait,,15.9307,16.2468,19.976,0.0824,-0.6611,-0.0919,0.1259,0.1831,-3.7292,4,0.2
2026-08-03,HLN,Haleon plc,医疗健康,制药,XLV,9.8,Wait,,10.378,10.4451,9.609,0.0228,-0.4628,0.1544,0.1361,0.1185,0.8361,3,0.4382
2026-08-03,HPE,Hewlett Packard Enterprise Comp,科技硬件,IT,XLK,50.24,Enter,0.1012,50.1504,51.0359,44.3427,0.0588,1.2318,0.2594,0.178,0.2006,6.6932,4,0.2
2026-08-03,HPQ,HP Inc.,科技硬件,硬件,XLK,27.12,Wait,,28.6812,29.0329,25.2371,0.0432,1.7406,0.1277,0.3881,0.168,3.7958,3.5,0.2313
2026-08-03,HUN,Huntsman Corporation,基础材料,化工,XLB,10.02,Wait,,13.3651,13.5828,12.9874,0.0724,-2.3359,0.0385,0.0561,0.1989,0.5954,4,0.2
2026-08-03,HUT,Hut 8 Corp.,数据中心,数据中心,DTCR,112.08,Bad Market,,120.0346,123.5816,85.7272,0.1055,0.7841,0.2488,0.046,0.0129,37.8544,4,0.2
2026-08-03,HWKN,"Hawkins, Inc.",基础材料,化工,XLB,132.08,Wait,,146.6108,148.5321,143.095,0.0485,-0.9762,0.0163,0.1179,0.2107,5.4371,3.5,0.2062
2026-08-03,IAG,Iamgold Corporation,矿业,金,GDX,14.75,Bad Market,,16.7112,16.938,15.7663,0.0512,-0.0999,-0.1438,0.1175,0.1533,1.1717,4,0.2
2026-08-03,IBM,International Business Machines,科技硬件,IT,XLK,226.31,Wait,,308.3931,311.7833,289.6775,0.0499,-1.2404,0.0133,0.3443,0.0268,22.1058,3.5,0.2003
2026-08-03,IMOS,ChipMOS TECHNOLOGIES INC.,半导体,半导体,SOXX,48.32,Wait,,76.6814,78.0185,57.9619,0.0922,-3.1878,0.1608,0.2112,0.0354,20.0566,4,0.2
2026-08-03,INFQ,"Infleqtion, Inc.",科技硬件,量子计算,QTUM,10.98,Wait,,13.1376,13.449,15.7177,0.0945,0.8082,-0.2115,0.1662,0.0476,-2.2686,4,0.2
2026-08-03,INGM,Ingram Micro Holding Corporatio,科技硬件,IT,XLK,27.9,Wait,,30.679,31.0485,27.3289,0.0441,-0.8346,0.155,0.051,0.0693,3.7196,3.5,0.2265
2026-08-03,INSW,"International Seaways, Inc.",航运,海运,SEA,95.23,Wait,,97.1323,98.1891,83.8509,0.037,1.6306,0.0519,0.3917,0.104,14.3382,3.5,0.2703
2026-08-03,INTC,Intel Corporation,半导体,半导体,SOXX,91.0,Wait,,128.7075,131.2388,107.1896,0.0927,-1.1257,0.1194,0.3811,0.1103,24.0492,4,0.2
2026-08-03,IONQ,"IonQ, Inc.",科技硬件,量子计算,QTUM,38.85,Wait,,52.076,53.09,58.5501,0.087,0.2834,-0.1403,0.3507,0.123,-5.4601,4,0.2
2026-08-03,IPGP,IPG Photonics Corporation,科技硬件,光电,XLK,87.2,Wait,,115.6748,117.5721,97.2135,0.0725,-1.6819,-0.0764,0.3313,0.0953,20.3585,4,0.2
2026-08-03,IRDM,Iridium Communications Inc,航空国防,卫星通信,ITA,48.32,Wait,,56.2032,56.8661,47.986,0.0457,0.1695,-0.0698,0.362,0.0643,8.8801,3.5,0.2187
2026-08-03,IREN,IREN LIMITED,数据中心,数据中心,DTCR,39.75,Bad Market,,44.8288,46.2071,49.4631,0.1156,0.2841,0.0018,0.0602,0.0973,-3.256,4,0.2
2026-08-03,JBL,Jabil Inc.,科技硬件,电子元件,XLK,318.39,Wait,,378.7591,383.8876,317.2488,0.0537,0.1215,0.0935,0.2915,0.0791,66.6388,4,0.2
2026-08-03,JPM,JP Morgan Chase & Co.,金融地产,银行,XLF,352.64,Wait,,360.8364,363.0042,335.6321,0.0205,1.1655,0.024,0.2295,0.2596,27.3721,3,0.488
2026-08-03,KALU,Kaiser Aluminum Corporation,基础材料,铝加工,XLB,163.88,Wait,,186.539,189.2374,159.6507,0.0549,0.0635,0.1316,0.1931,0.0604,29.5867,4,0.2
2026-08-03,KEYS,Keysight Technologies Inc.,科技硬件,科技仪器,QQQ,321.89,Wait,,338.8189,343.0485,323.9951,0.0438,0.3144,0.0951,0.0939,0.0908,19.0534,3.5,0.2283
2026-08-03,KGS,"Kodiak Gas Services, Inc.",油气,油气设备服务,XLE,58.06,Wait,,73.0531,74.0326,63.2089,0.0562,-1.8563,0.2188,0.3544,0.1956,10.8238,4,0.2
2026-08-03,KKR,KKR & Co. Inc.,金融地产,私募股权,XLF,106.56,Too High,,103.8156,104.9021,90.074,0.034,2.2627,-0.0211,0.3425,0.0992,14.8281,3.5,0.2942
2026-08-03,KLAC,KLA Corporation,半导体,半导体,SOXX,182.75,Wait,,269.2842,273.9256,239.8253,0.0847,-1.8836,0.1813,0.4559,0.0041,34.1003,4,0.2
2026-08-03,KLIC,"Kulicke and Soffa Industries, I",半导体,半导体,SOXX,90.16,Wait,,135.4985,138.0312,100.0402,0.0936,-1.4373,0.2616,0.4064,0.0681,37.991,4,0.2
2026-08-03,KMI,"Kinder Morgan, Inc.",油气,油气中游,AMLP,31.4,Wait,,33.174,33.3979,32.0711,0.0238,-1.1477,0.0513,0.0447,0.0718,1.3268,3,0.4207
2026-08-03,KNOP,KNOT Offshore Partners LP,航运,海运,SEA,10.7,Wait,,11.117,11.2216,10.3099,0.0326,0.4762,0.0452,0.2339,0.0105,0.9116,3.5,0.3069
2026-08-03,KNSA,Kiniksa Pharmaceuticals Interna,医疗健康,制药,XLV,73.41,Wait,,81.6596,82.7691,66.1274,0.0504,1.9469,0.3722,0.21,0.1588,16.6417,4,0.2
2026-08-03,KO,Coca-Cola Company (The),消费,消费必需品,XLP,86.86,Wait,,89.9486,90.5497,83.0685,0.0231,1.4273,0.2261,0.1997,0.1212,7.4812,3,0.4335
2026-08-03,KOD,Kodiak Sciences Inc,医疗健康,生物技术,XBI,39.83,Wait,,43.8289,44.6823,31.8815,0.0714,-0.4454,0.004,0.0972,0.0033,12.8008,4,0.2
2026-08-03,LAES,SEALSQ Corp,半导体,半导体,SOXX,2.51,Wait,,3.1377,3.1944,2.9651,0.0752,-0.4557,-0.2641,0.3491,0.0681,0.2293,4,0.2
2026-08-03,LBRT,Liberty Energy Inc.,油气,油气设备服务,XLE,18.98,Wait,,25.5897,26.0693,27.0853,0.0842,-1.9638,0.1021,0.2867,0.363,-1.016,4,0.2
2026-08-03,LHX,"L3Harris Technologies, Inc.",航空国防,航空航天国防,ITA,277.86,Wait,,307.9786,310.9417,280.6111,0.0355,-1.2351,0.1322,0.1364,0.1048,30.3305,3.5,0.2813
2026-08-03,LIN,Linde plc,基础材料,化工气体,XLB,480.46,Wait,,551.4446,555.2017,502.8075,0.0261,-2.8267,0.1578,0.4004,0.1096,52.3942,3.5,0.3836
2026-08-03,LITE,Lumentum Holdings Inc.,科技硬件,光通信,XLK,779.89,Wait,,853.2755,876.8487,716.0601,0.1008,0.4428,0.086,0.0223,0.108,160.7887,4,0.2
2026-08-03,LMT,Lockheed Martin Corporation,航空国防,航空航天国防,ITA,586.29,Wait,,588.6029,593.4519,526.1676,0.0276,2.9109,0.0873,0.3523,0.1531,67.2843,3.5,0.3627
2026-08-03,LNG,"Cheniere Energy, Inc.",油气,油气中游,XLE,258.08,Wait,,274.5708,276.9013,244.8004,0.0301,-0.3286,0.0137,0.1502,0.0911,32.1009,3.5,0.3322
2026-08-03,LNT,Alliant Energy Corporation,公用电力,天然气/电力,XLU,71.27,Bad Market,,78.7427,79.1922,73.5352,0.021,-2.2426,0.1102,0.2255,0.0229,5.657,3,0.4757
2026-08-03,LOGI,Logitech International S.A. - R,科技硬件,硬件,XLK,105.11,Wait,,112.7111,113.7843,114.1697,0.034,0.7831,0.0732,0.2473,0.0091,-0.3854,3.5,0.2938
2026-08-03,LPG,Dorian LPG Ltd.,航运,海运,SEA,45.94,Wait,,47.8794,48.4462,41.1072,0.0411,1.7546,0.1137,0.4475,0.0893,7.339,3.5,0.2432
2026-08-03,LRCX,Lam Research Corporation,半导体,半导体设备,SOXX,294.61,Wait,,396.6592,404.7579,325.3469,0.0916,-0.8221,0.2745,0.3133,0.001,79.411,4,0.2
2026-08-03,LSCC,Lattice Semiconductor Corporati,半导体,半导体,SOXX,127.18,Wait,,148.111,150.8275,119.0498,0.0712,-0.2785,0.1614,0.1891,0.0057,31.7777,4,0.2
2026-08-03,LUMN,"Lumen Technologies, Inc.",通讯服务,电信,XLC,6.45,Bad Market,,7.2217,7.3293,9.556,0.0556,-0.0307,-0.2382,0.2047,0.2193,-2.2267,4,0.2
2026-08-03,LUNR,"Intuitive Machines, Inc.",航空国防,航空航天国防,ITA,13.1,Wait,,20.4975,20.9437,39.7506,0.1135,-0.9251,-0.3507,0.5182,0.2772,-18.8069,4,0.2
2026-08-03,LWLG,"Lightwave Logic, Inc.",科技硬件,电光聚合物材料,XLK,6.82,Wait,,8.2664,8.4859,15.293,0.1073,0.466,-0.2581,0.1662,0.3523,-6.8071,4,0.2
2026-08-03,LYB,LyondellBasell Industries NV,基础材料,化工,XLB,60.62,Wait,,62.9262,63.5973,67.2304,0.0369,0.8806,-0.0937,0.3622,0.2392,-3.6331,3.5,0.271
2026-08-03,MA,Mastercard Incorporated,金融地产,支付,XLF,570.97,Wait,,583.0597,586.8808,539.1391,0.0223,2.2098,0.064,0.3108,0.235,47.7416,3,0.4483
2026-08-03,MANE,"Veradermics, Incorporated",医疗健康,生物制药,XBI,101.89,Wait,,131.5081,134.1602,94.3783,0.0868,-1.2224,0.1304,0.2466,0.0243,39.7819,4,0.2
2026-08-03,MARA,"MARA Holdings, Inc.",数据中心,数据中心,DTCR,11.75,Bad Market,,13.6027,13.9518,10.196,0.099,-0.1783,0.0855,0.1162,0.0329,3.7558,4,0.2
2026-08-03,MCD,McDonald's Corporation,消费,餐饮,XLY,265.23,Wait,,284.8623,286.6427,270.1264,0.0224,-0.936,0.0627,0.0568,0.0623,16.5163,3,0.4469
2026-08-03,MCHP,Microchip Technology Incorporat,半导体,半导体,SOXX,75.22,Wait,,89.5473,90.8333,85.5636,0.057,-1.5551,0.0213,0.2582,0.1451,5.2697,4,0.2
2026-08-03,MDA,MDA Space Ltd.,航空国防,航空航天国防,ITA,32.22,Wait,,42.5127,43.1168,40.6256,0.0625,-0.2063,-0.0936,0.2569,0.0771,2.4912,4,0.2
2026-08-03,MDLN,Medline Inc.,医疗健康,医疗器械,XLV,40.47,Wait,,43.5947,44.0801,37.5267,0.04,0.36,-0.0587,0.0604,0.0348,6.5535,3.5,0.2501
2026-08-03,MEOH,Methanex Corporation,基础材料,甲醇,XLB,54.31,Wait,,58.5331,59.1924,55.8486,0.0405,0.694,-0.0616,0.3367,0.1393,3.3437,3.5,0.2471
2026-08-03,META,"Meta Platforms, Inc.",通讯服务,互联网媒体,XLC,590.24,Bad Market,,687.2124,695.1006,589.2804,0.0445,-1.1623,0.178,0.061,0.0361,105.8202,3.5,0.2245
2026-08-03,MGY,Magnolia Oil & Gas Corporation,油气,油气勘探开发,XLE,25.13,Wait,,27.5113,27.8093,26.6938,0.0395,-0.5507,0.0939,0.0127,0.1339,1.1155,3.5,0.253
2026-08-03,MKSI,MKS Inc.,科技硬件,科技仪器,QQQ,309.98,Wait,,416.4041,424.4352,337.7183,0.0864,-0.8669,0.2611,0.3307,0.0096,86.7169,4,0.2
2026-08-03,MLI,"Mueller Industries, Inc.",工业,工业制造,XLI,66.55,Wait,,67.5255,68.1426,62.5759,0.0309,2.848,0.0421,0.4284,0.0531,5.5667,3.5,0.3235
2026-08-03,MNR,Mach Natural Resources LP,油气,油气勘探开发,XLE,13.52,Wait,,13.7752,13.8642,14.0203,0.0219,1.2561,-0.1501,0.315,0.0755,-0.1562,3,0.4559
2026-08-03,MOG.A,Moog Inc.,航空国防,航空航天国防,ITA,395.88,Wait,,428.4717,434.4893,345.6156,0.0507,-0.3759,0.367,0.126,0.2167,88.8737,4,0.2
2026-08-03,MOS,Mosaic Company (The),基础材料,化肥,MOO,21.81,Bad Market,,23.2981,23.5588,21.0182,0.0398,-0.3814,-0.106,0.0604,0.0362,2.5406,3.5,0.251
2026-08-03,MPLX,MPLX LP,油气,油气中游,AMLP,58.91,Wait,,59.7229,60.0366,56.0628,0.0178,1.4335,0.0018,0.2634,0.1543,3.9738,3,0.5
2026-08-03,MRCY,Mercury Systems Inc,航空国防,航空航天国防,ITA,105.79,Wait,,127.5457,129.5492,99.4966,0.0631,0.4515,0.1661,0.1869,0.0679,30.0526,4,0.2
2026-08-03,MRVL,"Marvell Technology, Inc.",半导体,半导体,SOXX,193.775,Wait,,275.9183,281.7206,239.0647,0.0998,-0.6561,0.1208,0.3443,0.0209,42.6559,4,0.2
2026-08-03,MRX,Marex Group Limited,金融地产,资本市场,XLF,64.02,Wait,,70.9302,71.866,59.3729,0.0487,-0.3428,0.1578,0.0316,0.0673,12.4931,3.5,0.2052
2026-08-03,MS,Morgan Stanley,金融地产,投行,XLF,211.23,Wait,,230.6623,232.6804,205.0052,0.0318,-0.8804,0.1344,0.0083,0.0966,27.6753,3.5,0.314
2026-08-03,MSFT,Microsoft Corporation,软件,软件,IGV,487.65,Too High,,469.5965,474.6347,405.9406,0.0344,5.4057,0.2916,0.5285,0.1783,68.6942,3.5,0.2904
2026-08-03,MSGS,Madison Square Garden Sports Co,通讯服务,体育娱乐,XLC,384.88,Bad Market,,408.8988,412.2044,366.4846,0.0286,-0.7302,0.0331,0.1143,0.1554,45.7198,3.5,0.3493
2026-08-03,MTDR,Matador Resources Company,油气,油气勘探开发,XLE,48.83,Wait,,55.4783,56.0761,54.7353,0.0408,-1.2857,-0.0118,0.0081,0.1372,1.3408,3.5,0.245
2026-08-03,MTRN,Materion Corporation,工业,工业金属,XLI,213.73,Wait,,286.5549,291.0623,237.2912,0.0703,-1.7741,0.3062,0.3791,0.007,53.7711,4,0.2
2026-08-03,MTZ,"MasTec, Inc.",工业,建筑,XLI,261.22,Wait,,395.5864,403.051,335.2423,0.0953,-3.3664,0.2946,0.3829,0.238,67.8087,4,0.2
2026-08-03,MU,"Micron Technology, Inc.",半导体,半导体,SOXX,829.5,Wait,,1050.045,1076.6924,858.2614,0.1071,-0.9253,0.2919,0.2009,0.0088,218.4309,4,0.2
2026-08-03,MWH,"SOLV Energy, Inc.",公用电力,太阳能,TAN,29.11,Bad Market,,31.9401,32.5702,38.3684,0.0722,0.3816,-0.0002,0.0926,0.2492,-5.7982,4,0.2
2026-08-03,MXL,"MaxLinear, Inc",半导体,半导体,SOXX,67.11,Wait,,114.4506,117.5415,86.8179,0.1535,-1.2371,0.1947,0.3338,0.065,30.7237,4,0.2
2026-08-03,NAT,Nordic American Tankers Limited,航运,海运,SEA,6.43,Wait,,6.7243,6.8031,5.7406,0.0409,0.6947,0.0476,0.3187,0.1226,1.0626,3.5,0.2448
2026-08-03,NBIS,Nebius Group N.V.,数据中心,数据中心,DTCR,212.58,Bad Market,,234.6267,242.7969,177.7549,0.1281,0.5993,0.281,0.0546,0.0074,65.042,4,0.2
2026-08-03,NBIX,"Neurocrine Biosciences, Inc.",医疗健康,生物科技,XBI,166.23,Wait,,187.1623,189.0711,163.2302,0.0383,-1.497,0.2691,0.021,0.0332,25.8409,3.5,0.2613
2026-08-03,NDAQ,"Nasdaq, Inc.",金融地产,资本市场,XLF,94.14,Wait,,96.9014,97.6603,87.1061,0.0269,1.3266,0.0266,0.364,0.0505,10.5542,3.5,0.3721
2026-08-03,NE,Noble Corporation plc A,油气,油气设备服务,XLE,40.42,Wait,,43.7442,44.2307,48.6946,0.0401,-0.3629,-0.0059,0.1467,0.2059,-4.4639,3.5,0.2493
2026-08-03,NEE,"NextEra Energy, Inc.",公用电力,电力,XLU,86.55,Bad Market,,90.6555,91.1791,90.4436,0.0202,-1.1146,-0.0511,0.0114,0.1673,0.7356,3,0.4959
2026-08-03,NEM,Newmont Corporation,矿业,金,GDX,95.37,Bad Market,,99.1537,100.2149,106.5797,0.0371,0.5103,-0.1443,0.0493,0.1834,-6.3648,3.5,0.2696
2026-08-03,NFLX,"Netflix, Inc.",通讯服务,流媒体娱乐,XLC,73.33,Bad Market,,78.3833,79.1494,80.7127,0.0348,0.4024,-0.0134,0.0328,0.2164,-1.5634,3.5,0.2872
2026-08-03,NI,NiSource Inc,公用电力,天然气/电力,XLU,44.53,Bad Market,,48.2653,48.5376,46.3571,0.0204,-1.7953,0.018,0.222,0.0895,2.1805,3,0.4906
2026-08-03,NJR,NewJersey Resources Corporation,公用电力,天然气,XLU,58.08,Bad Market,,60.6308,61.0069,56.2893,0.0216,-0.4128,0.0487,0.137,0.0273,4.7176,3,0.4633
2026-08-03,NKE,"Nike, Inc.",消费,运动服饰,XLY,42.64,Wait,,44.9964,45.4081,42.5667,0.0322,-0.1913,-0.0634,0.027,0.0072,2.8414,3.5,0.3107
2026-08-03,NMM,Navios Maritime Partners LP,航运,海运,SEA,81.11,Wait,,81.5711,82.2924,72.3446,0.0296,2.1783,0.0379,0.3314,0.1562,9.9478,3.5,0.3373
2026-08-03,NN,NextNav Inc.,科技硬件,软件基础设施,XLK,13.24,Wait,,17.9815,18.3287,18.9601,0.0874,-0.94,-0.133,0.4164,0.1978,-0.6313,4,0.2
2026-08-03,NOG,"Northern Oil and Gas, Inc.",油气,油气勘探开发,XLE,20.67,Wait,,22.2567,22.5153,21.8729,0.0417,0.4159,-0.0647,0.2555,0.0942,0.6425,3.5,0.2398
2026-08-03,NOK,Nokia Corporation Sponsored,科技硬件,通讯设备,XLK,9.36,Wait,,13.0526,13.2665,13.9977,0.0762,-1.7011,0.0104,0.3582,0.1935,-0.7311,4,0.2
2026-08-03,NRG,"NRG Energy, Inc.",公用电力,电力,XLU,138.47,Bad Market,,144.3747,146.3126,126.7514,0.0466,0.3999,0.0473,0.0318,0.0417,19.5612,3.5,0.2144
2026-08-03,NTR,Nutrien Ltd.,基础材料,化肥,MOO,65.96,Bad Market,,71.3796,71.9292,65.2078,0.0278,-0.8802,-0.0388,0.0999,0.1068,6.7214,3.5,0.36
2026-08-03,NVDA,NVIDIA Corporation,半导体,半导体,SOXX,206.64,Wait,,214.5664,216.9033,208.4763,0.0377,0.4292,0.0843,0.0938,0.0779,8.427,3.5,0.2653
2026-08-03,NVGS,Navigator Holdings Ltd.,航运,海运,SEA,21.8,Wait,,22.568,22.7694,21.9398,0.0308,0.9591,0.0126,0.4046,0.0738,0.8297,3.5,0.3246
2026-08-03,NVTS,Navitas Semiconductor Corporati,半导体,半导体,SOXX,11.52,Wait,,16.836,17.2951,25.6695,0.1328,-0.4995,-0.1608,0.3024,0.1345,-8.3745,4,0.2
2026-08-03,NWE,"NorthWestern Energy Group, Inc.",公用电力,天然气/电力,XLU,68.9,Bad Market,,73.959,74.4158,68.8521,0.0221,-1.7949,-0.0597,0.1581,0.0472,5.5637,3,0.4525
2026-08-03,NXE,Nexgen Energy Ltd.,矿业,铀,URA,9.57,Bad Market,,9.7757,9.9176,10.785,0.0494,0.7687,-0.1377,0.0214,0.16,-0.8674,3.5,0.2024
2026-08-03,NXPI,NXP Semiconductors N.V.,半导体,半导体,SOXX,224.17,Wait,,294.9709,299.0372,278.4523,0.0605,-3.4051,0.0786,0.3634,0.1687,20.5849,4,0.2
2026-08-03,NXT,Nextpower Inc.,公用电力,太阳能,TAN,90.67,Bad Market,,117.7307,120.1017,124.7863,0.0872,-1.6559,-0.0491,0.3003,0.1647,-4.6846,4,0.2
2026-08-03,NYT,New York Times Company (The),通讯服务,媒体出版,XLC,75.44,Bad Market,,78.4444,79.133,69.6558,0.0304,0.4958,0.0922,0.127,0.0259,9.4772,3.5,0.3286
2026-08-03,OGE,OGE Energy Corp,公用电力,电力,XLU,47.37,Bad Market,,50.4237,50.7167,47.0201,0.0206,-1.3997,0.0875,0.0768,0.001,3.6966,3,0.485
2026-08-03,OGN,Organon & Co.,医疗健康,制药,XLV,13.56,Wait,,13.5835,13.5976,13.4191,0.0035,0.9047,-0.7274,0.0667,0.1833,0.1785,3,0.5
2026-08-03,OKE,"ONEOK, Inc.",油气,油气中游,XLE,88.24,Wait,,94.4424,95.1638,86.8238,0.0273,-1.1892,0.0099,0.0883,0.0071,8.34,3.5,0.367
2026-08-03,OKLO,Oklo Inc.,公用电力,核能,NLR,41.22,Bad Market,,53.1839,54.2849,58.7912,0.089,-0.7334,-0.2556,0.2861,0.227,-4.5063,4,0.2
2026-08-03,ON,ON Semiconductor Corporation,半导体,半导体,SOXX,80.4,Wait,,99.0939,100.9297,109.4524,0.0761,-1.4888,0.0189,0.2127,0.1373,-8.5227,4,0.2
2026-08-03,ONDS,Ondas Inc,科技硬件,通讯设备,XLK,8.37,Wait,,8.1696,8.3939,10.5884,0.0894,1.2866,-0.1151,0.0531,0.018,-2.1945,4,0.2
2026-08-03,OR,OR Royalties Inc.,矿业,金,GDX,30.43,Bad Market,,31.7443,32.0996,35.0543,0.0389,0.9582,-0.1934,0.0914,0.2155,-2.9547,3.5,0.2569
2026-08-03,ORA,"Ormat Technologies, Inc.",公用电力,再生能源,XLU,98.02,Bad Market,,114.2402,115.3533,132.1134,0.0379,-1.7851,-0.0412,0.3107,0.2772,-16.7601,3.5,0.2642
2026-08-03,ORCL,Oracle Corporation,软件,软件,IGV,141.85,Wait,,145.8461,148.2852,215.6283,0.0573,1.5951,-0.1,0.0066,0.1473,-67.3431,4,0.2
2026-08-03,OSCR,"Oscar Health, Inc.",医疗健康,健康保险,XLV,30.74,Wait,,32.5179,33.0246,25.4229,0.055,0.2578,0.1616,0.0717,0.1521,7.6018,4,0.2
2026-08-03,OVV,Ovintiv Inc. (DE),油气,油气勘探开发,XLE,61.88,Wait,,63.7488,64.3287,56.3646,0.0312,1.8761,0.0588,0.4384,0.0736,7.9641,3.5,0.3201
2026-08-03,OXY,Occidental Petroleum Corporatio,油气,油气勘探开发,XLE,55.47,Wait,,58.1547,58.6587,54.8199,0.0303,0.4902,-0.041,0.3228,0.0134,3.8388,3.5,0.3302
2026-08-03,P,"Everpure, Inc.",科技硬件,硬件,XLK,80.14,Wait,,81.8591,83.2077,70.3688,0.0561,1.2307,0.0494,0.0563,0.0274,12.8389,4,0.2
2026-08-03,PAA,"Plains All American Pipeline, L",油气,油气中游,AMLP,24.2,Wait,,25.1252,25.2663,23.4787,0.0194,0.7153,-0.0076,0.3379,0.1513,1.7876,3,0.5
2026-08-03,PAAS,Pan American Silver Corp.,矿业,银,SIL,43.73,Bad Market,,46.7273,47.3007,56.9705,0.0437,0.113,-0.1963,0.0289,0.2733,-9.6698,3.5,0.2288
2026-08-03,PARR,"Par Pacific Holdings, Inc. Comm",油气,炼油,XLE,82.87,Wait,,86.8587,87.9515,73.2806,0.044,2.2276,0.1143,0.5499,0.2653,14.6709,3.5,0.2275
2026-08-03,PBA,Pembina Pipeline Corp.,油气,油气中游,XLE,48.08,Wait,,51.8269,52.101,48.6288,0.019,-1.803,0.0234,0.1726,0.0277,3.4722,3,0.5
2026-08-03,PBF,PBF Energy Inc.,油气,炼油,XLE,67.91,Wait,,73.9129,75.1322,56.8426,0.0598,1.8454,0.3395,0.4039,0.3028,18.2896,4,0.2
2026-08-03,PBR,Petroleo Brasileiro S.A. Petrob,油气,综合油气,XLE,19.06,Wait,,19.5906,19.7396,18.9615,0.0261,2.1159,-0.0376,0.4342,0.0343,0.7781,3.5,0.3837
2026-08-03,PCG,Pacific Gas & Electric Co.,公用电力,电力,XLU,17.43,Bad Market,,18.2843,18.4184,16.5453,0.0256,-0.0716,0.0611,0.187,0.0689,1.8731,3.5,0.3899
2026-08-03,PENG,"Penguin Solutions, Inc.",数据中心,数据中心,DTCR,52.6,Bad Market,,82.7969,84.9071,53.253,0.1337,-1.4361,0.2752,0.1671,0.0215,31.6542,4,0.2
2026-08-03,PEP,"Pepsico, Inc.",消费,消费必需品,XLP,139.63,Wait,,146.3763,147.3691,140.6416,0.0237,0.258,0.0181,0.0384,0.1041,6.7276,3,0.4219
2026-08-03,PFE,"Pfizer, Inc.",医疗健康,生物技术,XLV,25.03,Wait,,25.5003,25.6546,24.6674,0.0205,0.7341,-0.0403,0.2035,0.0663,0.9872,3,0.4868
2026-08-03,PG,Procter & Gamble Company (The),消费,消费必需品,XLP,144.97,Wait,,154.1997,155.268,142.0671,0.0246,-0.8668,0.1279,0.0629,0.0293,13.2009,3,0.4071
2026-08-03,PGR,Progressive Corporation (The),金融地产,保险,XLF,210.46,Wait,,236.5846,238.4401,212.8321,0.0294,-1.2415,0.1036,0.1668,0.0775,25.608,3.5,0.3403
2026-08-03,PL,Planet Labs PBC,航空国防,航空航天国防,ITA,21.53,Wait,,32.0188,32.6321,43.2232,0.0949,-1.0559,-0.2502,0.5625,0.245,-10.5911,4,0.2
2026-08-03,PLAB,"Photronics, Inc.",半导体,半导体材料,SOXX,31.36,Wait,,31.6937,32.2243,47.3654,0.0564,1.0748,-0.189,0.0565,0.245,-15.1411,4,0.2
2026-08-03,PLD,"Prologis, Inc.",金融地产,工业地产,XLRE,144.15,Wait,,151.5015,152.4987,140.0878,0.0231,-0.2629,0.0588,0.1955,0.0225,12.411,3,0.4337
2026-08-03,PLTR,Palantir Technologies Inc.,软件,软件,IGV,125.65,Wait,,136.1141,138.0102,135.3683,0.0503,-0.5383,-0.058,0.0013,0.023,2.6419,4,0.2
2026-08-03,PM,Philip Morris International Inc,消费,消费必需品,XLP,187.41,Wait,,202.0441,203.7751,179.9754,0.0308,-0.2627,0.1269,0.1278,0.0032,23.7996,3.5,0.3248
2026-08-03,PNR,Pentair plc.,工业,污水处理,XLI,67.07,Wait,,77.3907,78.1769,67.5482,0.0391,-0.3383,0.0327,0.2661,0.0979,10.6287,3.5,0.2559
2026-08-03,PNW,Pinnacle West Capital Corporati,公用电力,电力,XLU,100.81,Bad Market,,110.3781,111.0143,103.0079,0.021,-2.5645,0.0843,0.2069,0.0291,8.0064,3,0.4754
2026-08-03,POET,POET Technologies Inc.,半导体,半导体,SOXX,7.36,Wait,,9.8742,10.1356,17.085,0.1184,-0.4677,-0.2573,0.2312,0.1509,-6.9494,4,0.2
2026-08-03,POR,Portland General Electric Co,公用电力,电力,XLU,50.15,Bad Market,,53.5815,53.8883,50.0116,0.0204,-1.7868,0.04,0.1167,0.0621,3.8768,3,0.4903
2026-08-03,POWI,"Power Integrations, Inc.",半导体,半导体,SOXX,60.4,Wait,,81.1668,82.5121,69.4132,0.0742,-1.6267,0.0468,0.3815,0.0745,13.0989,4,0.2
2026-08-03,PPL,PPL Corporation,公用电力,电力,XLU,35.2,Bad Market,,37.242,37.4546,34.8943,0.0201,-1.0055,0.0105,0.0522,0.0279,2.5603,3,0.4968
2026-08-03,PR,Permian Resources Corporation,油气,油气勘探开发,XLE,20.9,Wait,,21.609,21.8024,19.1432,0.0309,1.2407,0.0476,0.3803,0.0361,2.6593,3.5,0.3241
2026-08-03,PRM,"Perimeter Solutions, SA",基础材料,化工,XLB,30.5,Wait,,37.6553,38.2933,29.2735,0.0697,-1.6818,0.3125,0.2023,0.068,9.0199,4,0.2
2026-08-03,PTEN,"Patterson-UTI Energy, Inc.",油气,油气勘探开发,XLE,10.27,Wait,,10.8256,10.984,10.7383,0.0514,0.9499,0.0214,0.2623,0.1056,0.2457,4,0.2
2026-08-03,PWR,"Quanta Services, Inc.",工业,建筑工程,XLI,680.2,Wait,,698.202,708.3571,661.6042,0.0498,1.1439,0.2208,0.0309,0.1032,46.7529,3.5,0.2009
2026-08-03,Q,"Qnity Electronics, Inc.",半导体,半导体,SOXX,133.3,Wait,,154.9903,157.4208,143.2334,0.0608,-0.476,0.0463,0.296,0.1149,14.1874,4,0.2
2026-08-03,QBTS,D-Wave Quantum Inc.,科技硬件,量子计算,QTUM,19.98,Wait,,23.8424,24.3559,23.2926,0.0857,0.8761,-0.1151,0.1633,0.0209,1.0633,4,0.2
2026-08-03,QCOM,QUALCOMM Incorporated,半导体,半导体,SOXX,151.57,Wait,,193.0195,195.8837,212.8306,0.063,-2.2659,-0.1116,0.3225,0.1466,-16.947,4,0.2
2026-08-03,QLYS,"Qualys, Inc.",软件,软件,IGV,154.89,Wait,,165.7581,168.2153,131.3575,0.0529,0.7366,0.2738,0.1063,0.3517,36.8578,4,0.2
2026-08-03,QMCO,Quantum Corporation,科技硬件,硬件,XLK,10.56,Wait,,11.9092,12.2829,10.9665,0.118,-0.0835,0.0967,0.0384,0.0534,1.3164,4,0.2
2026-08-03,QRVO,"Qorvo, Inc.",半导体,半导体,SOXX,89.49,Wait,,92.6549,93.6332,96.8162,0.0364,0.8189,-0.021,0.0432,0.0175,-3.183,3.5,0.2744
2026-08-03,QUBT,Quantum Computing Inc.,科技硬件,量子计算,QTUM,8.74,Wait,,9.5586,9.7515,9.8178,0.0736,0.9284,-0.2043,0.0864,0.0833,-0.0662,4,0.2
2026-08-03,RBLX,Roblox Corporation,通讯服务,游戏,XLC,36.67,Bad Market,,58.6981,59.8202,42.9884,0.102,-4.0411,0.0827,0.4974,0.0533,16.8318,4,0.2
2026-08-03,RBRK,"Rubrik, Inc.",软件,软件,IGV,74.74,Wait,,89.574,90.8101,72.2695,0.0551,-1.0176,0.0288,0.1556,0.1251,18.5405,4,0.2
2026-08-03,RCAT,"Red Cat Holdings, Inc.",航空国防,航空航天国防,ITA,8.26,Wait,,10.6996,10.924,11.9579,0.0906,0.0789,-0.2764,0.2623,0.0364,-1.0339,4,0.2
2026-08-03,RCL,Royal Caribbean Cruises Ltd.,消费,旅游,XLY,324.0,Wait,,326.82,330.5423,280.1529,0.0383,2.3476,-0.0214,0.1475,0.1683,50.3895,3.5,0.2611
2026-08-03,RDW,Redwire Corporation,航空国防,航空航天国防,ITA,9.64,Wait,,12.165,12.4575,22.0002,0.1011,0.3672,-0.2307,0.2332,0.034,-9.5427,4,0.2
2026-08-03,RGTI,"Rigetti Computing, Inc.",科技硬件,量子计算,QTUM,16.02,Wait,,18.9579,19.3748,21.4718,0.0867,0.4879,-0.1758,0.166,0.0405,-2.0971,4,0.2
2026-08-03,RIOT,"Riot Platforms, Inc.",数据中心,数据中心,DTCR,21.42,Bad Market,,24.4108,25.0869,19.675,0.1052,0.1849,0.2229,0.0964,0.0648,5.4119,4,0.2
2026-08-03,RKLB,Rocket Lab Corporation,航空国防,航空航天国防,ITA,70.43,Wait,,101.8186,103.8564,123.0587,0.0964,-0.288,-0.1152,0.4041,0.1841,-19.2023,4,0.2
2026-08-03,RMBS,"Rambus, Inc.",半导体,半导体,SOXX,92.21,Wait,,125.5732,128.1879,135.797,0.0945,-1.0461,-0.0639,0.3821,0.1407,-7.6091,4,0.2
2026-08-03,ROIV,Roivant Sciences Ltd.,医疗健康,生物技术,XLV,33.32,Wait,,37.1432,37.5018,32.6263,0.0359,-1.2887,0.0992,0.1298,0.1166,4.8756,3.5,0.2787
2026-08-03,ROK,"Rockwell Automation, Inc.",工业,工业机械,XLI,480.98,Wait,,487.6798,492.1693,442.7022,0.0311,0.9682,0.1034,0.0119,0.0611,49.4672,3.5,0.3214
2026-08-03,RPRX,Royalty Pharma plc,医疗健康,生物技术,XLV,57.17,Wait,,60.5417,60.9307,56.0803,0.0227,-0.6492,0.0734,0.0809,0.0961,4.8503,3,0.4409
2026-08-03,RTX,RTX Corporation,航空国防,航空航天国防,ITA,216.65,Wait,,220.7465,222.3707,202.3384,0.025,2.6267,0.1054,0.4252,0.2609,20.0322,3,0.4002
2026-08-03,S,"SentinelOne, Inc.",科技硬件,网络安全,XLK,20.05,Wait,,20.1205,20.3959,16.7069,0.0458,1.5479,0.095,0.2299,0.1594,3.689,3.5,0.2184
2026-08-03,SANM,Sanmina Corporation,科技硬件,电子元件,XLK,193.23,Wait,,249.6966,254.6564,216.5885,0.0856,-0.55,0.194,0.2867,0.1044,38.0679,4,0.2
2026-08-03,SAP,SAP  SE,软件,软件,IGV,189.65,Enter,0.7902,187.8865,190.1181,170.075,0.0392,3.6038,0.1519,0.3123,0.1255,20.043,3.5,0.255
2026-08-03,SARO,"StandardAero, Inc.",航空国防,航空航天国防,ITA,29.97,Wait,,31.2197,31.5183,27.4361,0.0332,1.6817,-0.0056,0.0025,0.0981,4.0822,3.5,0.3011
2026-08-03,SBGSY,Schneider Electric SE,工业,工业,XLI,66.93,Wait,,67.7493,68.3411,60.1759,0.0295,2.7857,0.0354,0.1786,0.0514,8.1652,3.5,0.3393
2026-08-03,SBLK,Star Bulk Carriers Corp.,航运,海运,SEA,28.73,Wait,,29.4373,29.723,25.8164,0.0332,1.9949,0.1341,0.3126,0.0793,3.9066,3.5,0.3016
2026-08-03,SBS,Companhia de saneamento Basico ,公用电力,污水处理,XLU,5.43,Bad Market,,6.1143,6.163,5.4921,0.0299,-1.8088,-0.0082,0.1524,0.0849,0.6709,3.5,0.3346
2026-08-03,SBUX,Starbucks Corporation,消费,餐饮,XLY,103.37,Wait,,109.4037,110.3081,97.8186,0.0292,-0.4773,0.1019,0.0008,0.0396,12.4895,3.5,0.3429
2026-08-03,SCHW,Charles Schwab Corporation (The,金融地产,券商,XLF,105.87,Wait,,107.0287,107.7151,99.1062,0.0216,1.4515,-0.0271,0.3955,0.2135,8.6088,3,0.4627
2026-08-03,SEDG,"SolarEdge Technologies, Inc.",公用电力,太阳能,TAN,45.12,Bad Market,,57.7774,59.0785,61.1617,0.0961,-0.8935,-0.0577,0.2088,0.0141,-2.0832,4,0.2
2026-08-03,SFL,SFL Corporation Ltd,航运,海运,SEA,12.38,Wait,,12.4638,12.557,11.6326,0.0251,2.8919,0.0086,0.6554,0.0044,0.9245,3.5,0.3985
2026-08-03,SHEL,Shell PLC,油气,综合油气,XLE,91.08,Wait,,92.7958,93.2853,87.085,0.0179,3.3484,0.0002,0.5901,0.1118,6.2003,3,0.5
2026-08-03,SHIP,Seanergy Maritime Holdings Corp,航运,海运,SEA,18.17,Enter,0.6834,18.0017,18.248,14.947,0.0452,3.4482,0.1323,0.5166,0.1006,3.301,3.5,0.2214
2026-08-03,SIMO,Silicon Motion Technology Corpo,半导体,半导体,SOXX,251.52,Wait,,332.1412,340.828,221.0758,0.1151,-0.936,0.3448,0.1891,0.025,119.7522,4,0.2
2026-08-03,SKHY,SK hynix Inc.,半导体,半导体,SOXX,142.72,Wait,,,,,0.1308,,,,,,4,0.2
2026-08-03,SLAB,"Silicon Laboratories, Inc.",半导体,半导体,SOXX,218.0,Wait,,219.413,219.8108,216.3621,0.0061,0.273,-0.3016,0.0485,0.039,3.4487,3,0.5
2026-08-03,SLB,SLB Limited,油气,油气设备服务,XLE,49.31,Wait,,52.9131,53.4069,52.2493,0.0334,0.7853,0.0217,0.2605,0.13,1.1576,3.5,0.2996
2026-08-03,SM,SM Energy Company,油气,油气勘探开发,XLE,31.93,Wait,,33.8293,34.2379,30.0431,0.0427,1.0569,0.0105,0.3212,0.0165,4.1948,3.5,0.2344
2026-08-03,SMMT,Summit Therapeutics Inc.,医疗健康,生物技术,XBI,13.045,Wait,,16.102,16.3601,15.3494,0.0659,-1.5791,-0.1478,0.1367,0.2245,1.0106,4,0.2
2026-08-03,SMR,NuScale Power Corporation,公用电力,核能,NLR,9.01,Bad Market,,10.3022,10.5306,10.9054,0.0845,0.6904,-0.267,0.131,0.112,-0.3748,4,0.2
2026-08-03,SNDK,Sandisk Corporation,半导体,存储硬件,SOXX,1288.03,Wait,,2071.8609,2131.3223,1542.1815,0.1539,-1.1168,0.3203,0.2763,0.0249,589.1408,4,0.2
2026-08-03,SNOW,Snowflake Inc.,软件,软件,IGV,307.53,Too High,,301.1753,305.575,246.7701,0.0477,2.4394,0.166,0.4189,0.4093,58.8049,3.5,0.2097
2026-08-03,SNPS,"Synopsys, Inc.",软件,软件,IGV,392.07,Wait,,458.4507,463.2875,478.1312,0.0411,-0.7657,-0.0605,0.335,0.2471,-14.8438,3.5,0.2432
2026-08-03,SNX,TD SYNNEX Corporation,科技硬件,IT,XLK,253.82,Wait,,263.8882,266.639,258.0477,0.0361,0.7317,0.088,0.0781,0.0893,8.5913,3.5,0.2768
2026-08-03,SO,Southern Company (The),公用电力,电力,XLU,92.94,Bad Market,,98.9094,99.5073,92.0013,0.0214,-1.4098,0.1368,0.0914,0.0038,7.506,3,0.4664
2026-08-03,SOLV,Solventum Corporation,医疗健康,医疗器械,IHI,88.07,Wait,,89.4307,90.1943,79.6416,0.0289,3.2623,0.1124,0.2903,0.1797,10.5527,3.5,0.346
2026-08-03,SON,Sonoco Products Company,基础材料,包装容器纸制品,XLB,56.42,Wait,,61.1242,61.6823,54.0485,0.033,0.1505,0.1251,0.0114,0.1369,7.6338,3.5,0.3033
2026-08-03,SONY,Sony Group Corporation,消费,消费电子,XLY,22.63,Wait,,23.4963,23.6725,21.2138,0.026,1.9873,0.0901,0.3119,0.0083,2.4588,3.5,0.3852
2026-08-03,SPCX,Space Exploration Technologies ,航空国防,航空航天国防,ITA,114.53,Wait,,164.0854,167.2134,,0.091,-1.3697,,0.472,,,4,0.2
2026-08-03,SPG,"Simon Property Group, Inc.",金融地产,零售地产,XLRE,229.16,Wait,,238.8318,240.1109,223.9091,0.0186,0.6274,0.0583,0.1272,0.2397,16.2018,3,0.5
2026-08-03,SPOT,Spotify Technology S.A.,通讯服务,流媒体娱乐,XLC,486.33,Bad Market,,528.8733,534.5626,463.3344,0.039,-0.1738,-0.0404,0.0722,0.103,71.2282,3.5,0.2564
2026-08-03,SQM,Sociedad Quimica y Minera S.A.,基础材料,化工,XLB,67.03,Wait,,75.1003,75.9002,82.2873,0.0398,-1.1826,-0.1493,0.2727,0.2642,-6.3871,3.5,0.2514
2026-08-03,SRE,DBA Sempra,公用电力,电力,XLU,87.73,Bad Market,,96.2073,96.7709,89.6935,0.0214,-2.463,0.0032,0.1806,0.0771,7.0774,3,0.4669
2026-08-03,SSRM,SSR Mining Inc.,矿业,银,SIL,26.99,Bad Market,,30.9562,31.4306,28.4253,0.0586,-0.1423,-0.0563,0.0944,0.1495,3.0053,4,0.2
2026-08-03,ST,Sensata Technologies Holding pl,科技硬件,科技仪器,QQQ,46.82,Wait,,48.4582,49.0615,46.511,0.043,0.6718,0.1087,0.0159,0.0249,2.5505,3.5,0.2328
2026-08-03,STM,STMicroelectronics N.V.,半导体,半导体,SOXX,52.19,Wait,,72.2689,73.4823,63.7313,0.0775,-2.3842,0.1738,0.3223,0.0751,9.751,4,0.2
2026-08-03,STNG,Scorpio Tankers Inc.,航运,海运,SEA,77.77,Wait,,80.4377,81.2874,72.8065,0.0364,0.0348,0.0184,0.2703,0.0626,8.4809,3.5,0.2746
2026-08-03,STX,Seagate Technology Holdings PLC,科技硬件,存储硬件,XLK,831.06,Wait,,931.5003,955.9657,767.8348,0.0981,-0.1469,0.3277,0.09,0.0066,188.1309,4,0.2
2026-08-03,SU,Suncor Energy  Inc.,油气,综合油气,XLE,65.98,Wait,,67.9398,68.4344,64.7841,0.025,2.2616,-0.0023,0.5379,0.0016,3.6503,3,0.4002
2026-08-03,SUN,Sunoco LP,油气,炼油,XLE,77.41,Wait,,77.4641,78.0387,70.9444,0.0247,2.324,0.0463,0.4594,0.1233,7.0943,3,0.4042
2026-08-03,SXI,Standex International Corporati,工业,工业机械,XLI,311.96,Wait,,351.5796,356.0211,305.8525,0.0475,0.531,0.1699,0.2022,0.151,50.1686,3.5,0.2107
2026-08-03,SXT,Sensient Technologies Corporati,基础材料,化工,XLB,126.09,Wait,,128.0509,129.3846,111.23,0.0353,1.8372,0.1076,0.0762,0.093,18.1546,3.5,0.2836
2026-08-03,SYNA,Synaptics Incorporated,半导体,半导体,SOXX,105.72,Wait,,130.9472,133.118,118.626,0.0684,-1.6116,0.0261,0.2348,0.0959,14.492,4,0.2
2026-08-03,T,AT&T Inc.,通讯服务,电信,XLC,23.59,Bad Market,,24.8959,25.117,22.7601,0.0312,1.6938,0.1067,0.4313,0.0597,2.3569,3.5,0.32
2026-08-03,TALO,"Talos Energy, Inc.",油气,油气勘探开发,XLE,14.87,Wait,,15.4187,15.6199,14.2425,0.0451,0.8543,0.0276,0.1496,0.0208,1.3775,3.5,0.2217
2026-08-03,TDW,Tidewater Inc.,油气,油气设备服务,XLE,71.48,Wait,,79.2548,80.1497,74.8595,0.0417,-1.0496,-0.0289,0.1343,0.1181,5.2902,3.5,0.2396
2026-08-03,TE,T1 Energy Inc.,公用电力,太阳能,TAN,4.94,Bad Market,,9.3368,9.572,8.9043,0.1587,-1.2846,-0.0832,0.4732,0.0225,0.6677,4,0.2
2026-08-03,TECK,Teck Resources Ltd,矿业,铜,COPX,60.2,Bad Market,,63.092,63.8486,61.7336,0.0419,0.6836,0.0188,0.024,0.0771,2.115,3.5,0.2387
2026-08-03,TEL,TE Connectivity plc,科技硬件,电子元件,XLK,204.97,Wait,,216.3397,218.6234,194.107,0.0371,0.2908,0.0144,0.0559,0.0145,24.5164,3.5,0.2693
2026-08-03,TEM,"Tempus AI, Inc.",软件,AI医疗,IGV,46.05,Wait,,62.3106,63.3765,47.3881,0.0772,-1.4533,-0.0089,0.3723,0.0014,15.9884,4,0.2
2026-08-03,TEVA,Teva Pharmaceutical Industries ,医疗健康,制药,XLV,34.46,Wait,,35.7546,36.1306,31.8632,0.0364,1.5075,0.12,0.0639,0.049,4.2674,3.5,0.2749
2026-08-03,TFII,TFI International Inc.,工业,铁路/联运,IYT,134.8,Wait,,157.968,159.6309,143.9597,0.0411,-2.2841,0.1802,0.1139,0.0047,15.6711,3.5,0.2432
2026-08-03,TFPM,Triple Flag Precious Metals Cor,矿业,金,GDX,29.26,Bad Market,,31.7826,32.1115,31.7429,0.0375,0.7589,-0.1411,0.0675,0.1543,0.3686,3.5,0.2669
2026-08-03,TJX,"TJX Companies, Inc. (The)",消费,折扣零售,XLY,157.5,Wait,,163.205,164.2849,157.6115,0.0229,0.8222,0.0526,0.1764,0.1103,6.6734,3,0.4376
2026-08-03,TK,Teekay Corporation Ltd.,航运,海运,SEA,11.79,Wait,,11.7679,11.8958,12.658,0.0362,1.7817,-0.0592,0.4233,0.1033,-0.7622,3.5,0.2766
2026-08-03,TMUS,"T-Mobile US, Inc.",通讯服务,电信,XLC,177.09,Bad Market,,197.4109,199.5239,170.9889,0.0398,-0.9756,0.1739,0.0436,0.0728,28.535,3.5,0.2514
2026-08-03,TNK,Teekay Tankers Ltd.,航运,海运,SEA,80.48,Enter,0.3516,80.1748,81.0429,69.2418,0.036,2.4028,-0.0009,0.4895,0.0366,11.8011,3.5,0.2781
2026-08-03,TRGP,"Targa Resources, Inc.",油气,油气中游,AMLP,264.6,Wait,,288.226,290.4856,259.2181,0.0285,-1.4505,0.0681,0.077,0.006,31.2675,3.5,0.3513
2026-08-03,TRMD,TORM plc,航运,海运,SEA,30.18,Wait,,30.6118,30.8935,29.4134,0.0311,0.8517,-0.0823,0.3397,0.0777,1.4801,3.5,0.3214
2026-08-03,TRP,TC Energy Corporation,油气,油气中游,AMLP,65.86,Wait,,71.2486,71.7438,65.1328,0.0251,-1.6491,0.1678,0.0138,0.0299,6.6109,3.5,0.399
2026-08-03,TSEM,Tower Semiconductor Ltd.,半导体,半导体,SOXX,234.32,Wait,,265.1626,272.2764,221.9989,0.1012,0.2404,0.2083,0.0416,0.0528,50.2776,4,0.2
2026-08-03,TSM,Taiwan Semiconductor Manufactur,半导体,半导体,SOXX,406.11,Wait,,455.8511,461.3345,413.5976,0.045,-0.4938,0.0957,0.193,0.0104,47.7369,3.5,0.2222
2026-08-03,TTE,TotalEnergies SE,油气,油气中游,XLE,87.2,Wait,,88.732,89.2641,88.1091,0.0203,2.7968,-0.0122,0.4593,0.0719,1.155,3,0.4916
2026-08-03,TTMI,"TTM Technologies, Inc.",科技硬件,电子元件,XLK,121.21,Wait,,182.3371,186.2929,168.727,0.1088,-0.9902,0.0975,0.3712,0.1191,17.5659,4,0.2
2026-08-03,TX,Ternium S.A. Ternium S.A.,基础材料,钢铁,XLB,49.74,Wait,,49.8274,50.2611,46.1803,0.0291,2.8379,0.015,0.6444,0.0911,4.0808,3.5,0.3441
2026-08-03,TXT,Textron Inc.,航空国防,航空航天国防,ITA,86.39,Wait,,96.9939,97.8495,86.1481,0.033,-1.48,0.1299,0.1655,0.0676,11.7014,3.5,0.3029
2026-08-03,UBER,"Uber Technologies, Inc.",工业,铁路/联运,IYT,71.61,Wait,,75.2561,75.9652,67.9272,0.033,-0.0487,-0.0392,0.0386,0.0437,8.038,3.5,0.303
2026-08-03,UBS,UBS Group AG Registered,金融地产,银行,XLF,52.75,Wait,,55.5975,55.9206,51.8388,0.0204,0.3259,0.0486,0.1732,0.1662,4.0818,3,0.4898
2026-08-03,UCTT,"Ultra Clean Holdings, Inc.",半导体,半导体材料,SOXX,89.17,Wait,,131.7529,134.9974,99.331,0.1213,-0.4979,0.2829,0.2723,0.013,35.6663,4,0.2
2026-08-03,UEC,Uranium Energy Corp.,矿业,铀,URA,9.97,Bad Market,,10.9003,11.0958,12.8335,0.0654,0.2578,-0.2461,0.0833,0.208,-1.7377,4,0.2
2026-08-03,UL,Unilever PLC,消费,消费必需品,XLP,63.8,Wait,,67.508,67.9555,62.3949,0.0234,0.9912,0.2042,0.1214,0.1379,5.5606,3,0.4277
2026-08-03,UMC,United Microelectronics Corpora,半导体,半导体,SOXX,18.69,Wait,,26.1455,26.6187,21.7005,0.0844,-1.9082,0.2874,0.3441,0.0517,4.9182,4,0.2
2026-08-03,UNH,UnitedHealth Group Incorporated,医疗健康,医疗服务,XLV,415.36,Wait,,440.5036,444.0236,395.283,0.0282,-0.765,0.1098,0.0906,0.0485,48.7406,3.5,0.354
2026-08-03,USAC,"USA Compression Partners, LP",油气,油气中游,AMLP,25.7,Wait,,27.357,27.6049,27.4076,0.0322,-0.8676,-0.0113,0.0423,0.1152,0.1974,3.5,0.311
2026-08-03,UUUU,Energy Fuels Inc,矿业,铀,URA,12.15,Bad Market,,14.3952,14.658,16.6756,0.0721,-0.1478,-0.2884,0.2119,0.2553,-2.0176,4,0.2
2026-08-03,V,Visa Inc.,金融地产,支付,XLF,365.67,Wait,,372.3867,374.8313,344.2839,0.0223,0.9771,0.0907,0.1692,0.2254,30.5474,3,0.4487
2026-08-03,VALE,VALE S.A.,矿业,铁矿,XME,14.58,Bad Market,,15.2358,15.3504,15.5032,0.0262,0.0314,-0.0841,0.0664,0.1797,-0.1528,3.5,0.3817
2026-08-03,VECO,Veeco Instruments Inc.,半导体,半导体,SOXX,50.97,Wait,,71.4879,72.9396,63.6828,0.0949,-0.3853,0.1544,0.3418,0.0587,9.2568,4,0.2
2026-08-03,VG,"Venture Global, Inc.",油气,油气中游,XLE,13.08,Wait,,15.3159,15.5498,12.0416,0.0596,-0.0808,-0.042,0.1766,0.0032,3.5082,4,0.2
2026-08-03,VIAV,Viavi Solutions Inc.,科技硬件,通讯设备,XLK,37.75,Wait,,47.7421,48.7503,40.6076,0.089,-0.5325,0.0286,0.2238,0.1527,8.1427,4,0.2
2026-08-03,VICR,Vicor Corporation,科技硬件,电子元件,XLK,213.54,Wait,,355.3412,363.038,277.1556,0.1201,-0.8384,0.0694,0.433,0.1165,85.8824,4,0.2
2026-08-03,VISN,"Vistance Networks, Inc.",科技硬件,电子元件,XLK,12.05,Wait,,12.7205,12.8412,11.472,0.0334,-0.0696,-0.28,0.069,0.0475,1.3691,3.5,0.2995
2026-08-03,VLO,Valero Energy Corporation,油气,炼油,XLE,307.54,Wait,,317.8754,321.177,276.2807,0.0358,0.8774,0.1425,0.3202,0.2225,44.8964,3.5,0.2794
2026-08-03,VLTO,Veralto Corp,工业,污水处理,XLI,94.82,Wait,,99.7782,100.6164,89.0515,0.0295,0.5725,0.1754,0.157,0.1356,11.5649,3.5,0.3394
2026-08-03,VRT,"Vertiv Holdings, LLC",工业,电子设备,XLI,263.05,Wait,,328.3506,334.9965,287.6181,0.0842,-1.2692,0.1737,0.2027,0.1691,47.3785,4,0.2
2026-08-03,VRTX,Vertex Pharmaceuticals Incorpor,医疗健康,生物技术,XLV,470.72,Wait,,534.2972,538.2736,483.1987,0.0282,-1.2076,0.0468,0.1837,0.053,55.0749,3.5,0.3551
2026-08-03,VSAT,"ViaSat, Inc.",航空国防,通讯设备,ITA,81.29,Wait,,84.9728,86.7319,66.3548,0.0721,1.3648,0.1274,0.0306,0.0566,20.3771,4,0.2
2026-08-03,VSH,"Vishay Intertechnology, Inc.",半导体,半导体,SOXX,35.4,Wait,,52.0122,53.2155,48.8556,0.1133,-0.917,0.1385,0.3787,0.0248,4.3599,4,0.2
2026-08-03,VST,Vistra Corp.,公用电力,电力,XLU,155.94,Bad Market,,170.5394,172.8414,142.1237,0.0492,-0.1,0.0453,0.034,0.0648,30.7177,3.5,0.2032
2026-08-03,VTR,"Ventas, Inc.",金融地产,医疗地产,XLRE,90.85,Wait,,101.4385,102.2114,91.5124,0.0284,-1.6084,0.2235,0.0372,0.0071,10.699,3.5,0.3526
2026-08-03,VTRS,Viatris Inc.,医疗健康,制药,XLV,17.63,Wait,,18.0363,18.176,16.2298,0.0264,1.1615,0.0171,0.2632,0.0191,1.9462,3.5,0.3785
2026-08-03,VVX,"V2X, Inc.",航空国防,航空航天国防,ITA,86.38,Wait,,91.1038,92.3325,76.4747,0.0474,1.5609,0.231,0.3713,0.1617,15.8578,3.5,0.2109
2026-08-03,VZ,Verizon Communications Inc.,通讯服务,电信,XLC,47.36,Bad Market,,48.6636,49.0842,43.5832,0.0296,2.2419,0.1728,0.3957,0.0044,5.501,3.5,0.3378
2026-08-03,WAB,Westinghouse Air Brake Technolo,工业,工业机械,XLI,296.47,Wait,,308.7547,311.3168,275.8987,0.0288,2.4983,0.1646,0.3442,0.1423,35.4181,3.5,0.3471
2026-08-03,WAY,Waystar Holding Corp.,软件,软件,IGV,22.66,Wait,,24.7894,25.1934,19.1328,0.0594,0.0718,0.1245,0.0657,0.1039,6.0605,4,0.2
2026-08-03,WBI,WaterBridge Infrastructure LLC,油气,油气设备服务,XLE,33.83,Wait,,36.5634,37.0936,29.1411,0.0522,-0.2244,0.1063,0.1345,0.1034,7.9526,4,0.2
2026-08-03,WCC,"WESCO International, Inc.",工业,工业分销,XLI,361.33,Too High,,347.1033,351.8345,319.3221,0.0436,2.073,0.1397,0.207,0.0018,32.5124,3.5,0.2291
2026-08-03,WDC,Western Digital Corporation,科技硬件,存储硬件,XLK,527.22,Wait,,609.0334,625.0286,532.9611,0.1011,-0.0232,0.2735,0.116,0.0217,92.0675,4,0.2
2026-08-03,WDS,Woodside Energy Group Limited,油气,油气勘探开发,XLE,22.69,Wait,,23.6869,23.871,21.312,0.027,1.9659,0.0492,0.399,0.0116,2.559,3.5,0.3697
2026-08-03,WEN,Wendy's Company (The),消费,餐饮,XLY,7.53,Wait,,9.0218,9.1445,7.3043,0.0543,-0.0024,-0.0151,0.3212,0.0502,1.8402,4,0.2
2026-08-03,WES,"Western Midstream Partners, LP",油气,油气中游,AMLP,46.74,Wait,,48.3974,48.7066,44.8383,0.022,0.5788,0.0362,0.3364,0.0452,3.8683,3,0.4535
2026-08-03,WFRD,Weatherford International plc,油气,油气设备服务,XLE,88.35,Wait,,89.5635,90.6971,98.1948,0.0428,1.2622,0.0047,0.1939,0.1998,-7.4977,3.5,0.2338
2026-08-03,WMB,"Williams Companies, Inc. (The)",油气,油气中游,XLE,70.43,Wait,,76.6843,77.2585,72.7005,0.0272,-1.6394,0.056,0.1156,0.0998,4.558,3.5,0.3679
2026-08-03,WMT,Walmart Inc.,消费,消费必需品,XLP,110.71,Wait,,116.0571,116.8892,124.4922,0.0251,-0.5147,-0.0047,0.0612,0.2452,-7.603,3.5,0.3991
2026-08-03,WOLF,"Wolfspeed, Inc.",半导体,半导体,SOXX,24.35,Wait,,45.3596,46.559,57.5082,0.1642,-1.4205,-0.2061,0.4938,0.2026,-10.9492,4,0.2
2026-08-03,WPM,Wheaton Precious Metals Corp,矿业,金,GDX,111.86,Bad Market,,116.8486,118.1747,126.7494,0.0395,0.5514,-0.1484,0.0086,0.1902,-8.5748,3.5,0.2531
2026-08-03,WULF,TeraWulf Inc.,数据中心,数据中心,DTCR,18.83,Bad Market,,23.9831,24.5878,20.9177,0.107,-0.2984,0.0746,0.1868,0.0749,3.6701,4,0.2
2026-08-03,WYFI,"WhiteFiber, Inc.",数据中心,数据中心,DTCR,25.95,Bad Market,,39.7031,40.9977,27.5081,0.1663,-0.719,0.1895,0.1798,0.0084,13.4896,4,0.2
2026-08-03,XE,"X-Energy, Inc.",公用电力,核能,NLR,17.39,Bad Market,,18.8945,19.3963,24.2995,0.0962,0.9192,-0.2426,0.0643,0.2362,-4.9032,4,0.2
2026-08-03,XEL,Xcel Energy Inc.,公用电力,电力,XLU,77.69,Bad Market,,82.7369,83.264,76.9591,0.0226,-1.1619,0.0674,0.1148,0.0499,6.3049,3,0.4422
2026-08-03,XNDU,Xanadu Quantum Technologies Lim,科技硬件,量子计算,QTUM,11.31,Wait,,12.0279,12.2948,14.282,0.0786,0.6324,-0.6014,0.068,0.1022,-1.9872,4,0.2
2026-08-03,XOM,ExxonMobil Holdings Corporation,油气,综合油气,XLE,155.06,Wait,,158.5206,159.6286,151.4704,0.0238,1.7987,-0.0144,0.4545,0.0319,8.1582,3,0.4199
2026-08-03,XP,XP Inc.,金融地产,资本市场,XLF,17.03,Wait,,17.4703,17.6373,15.9714,0.0327,0.6664,-0.173,0.1241,0.0146,1.6659,3.5,0.3059
2026-08-03,YPF,YPF Sociedad Anonima,油气,综合油气,XLE,51.06,Wait,,53.0506,53.5523,50.4964,0.0328,0.7292,-0.035,0.2924,0.143,3.0559,3.5,0.3053
2026-08-03,ZETA,Zeta Global Holdings Corp.,软件,软件,IGV,22.56,Wait,,22.7963,23.1959,19.9231,0.059,0.8879,0.0631,0.1426,0.1721,3.2727,4,0.2
2026-08-03,ZWS,Zurn Elkay Water Solutions Corp,工业,污水处理,XLI,51.2,Wait,,52.062,52.5382,45.9938,0.031,1.8536,0.1436,0.1681,0.0607,6.5444,3.5,0.3225
