date,ticker,name,major,sub,benchmark,close,signal,entry_pct,minentry,maxentry,stop,atrpct,dev,selfvol,er22,er55,r0,mult,buf
2026-07-07,AA,Alcoa Corporation,矿,铝加工,XME,49.01,Bad Market,,81.5326,82.5415,70.3381,0.0686,-3.1746,0.0222,0.6346,0.1932,12.2034,4,0.2
2026-07-07,AAOI,"Applied Optoelectronics, Inc.",科技,光通信,XLK,114.41,Wait,,206.7758,212.6046,145.3835,0.1698,-2.2602,0.1035,0.2595,0.0628,67.221,4,0.2
2026-07-07,AAPL,Apple Inc.,科技,消费电子,QQQ,310.66,Wait,,315.7666,318.2839,285.832,0.027,1.8813,0.2049,0.0036,0.213,32.4519,3.5,0.3702
2026-07-07,ABVX,Abivax SA,医药,生物技术,XLV,142.17,Wait,,146.6638,149.6846,104.3732,0.0708,3.5456,0.2498,0.4817,0.0721,45.3114,4,0.2
2026-07-07,ACLS,"Axcelis Technologies, Inc.",科技,半导体,SOXX,131.54,Bad Market,,194.4959,198.8396,133.683,0.1101,-2.7088,0.4563,0.1278,0.0339,65.1567,4,0.2
2026-07-07,ADI,"Analog Devices, Inc.",科技,半导体,SOXX,379.03,Bad Market,,449.2703,454.8356,380.5512,0.0489,-1.5068,0.2554,0.2237,0.0445,74.2844,3.5,0.2043
2026-07-07,AEHR,Aehr Test Systems,科技,半导体材料,SOXX,66.94,Bad Market,,118.9353,122.4683,69.474,0.1759,-2.6411,0.2569,0.345,0.042,52.9943,4,0.2
2026-07-07,AEM,Agnico Eagle Mines Limited,矿,金,GDX,150.33,Bad Market,,178.2533,180.3666,195.4447,0.0469,-1.4598,-0.0797,0.2342,0.2687,-15.0781,3.5,0.2134
2026-07-07,AES,The AES Corporation,可再生能源,再生能源,XLU,14.62,Wait,,14.7654,14.7867,14.5173,0.0048,-0.4302,-0.5287,0.1343,0.0659,0.2694,3,0.5
2026-07-07,AEVA,"Aeva Technologies, Inc.",科技,软件,XLK,21.57,Wait,,29.3446,30.2815,16.7977,0.1448,-0.7509,0.3385,0.1079,0.0899,13.4838,4,0.2
2026-07-07,AG,First Majestic Silver Corp.,矿,银,SIL,16.45,Bad Market,,19.9949,20.3323,19.7115,0.0684,-0.7318,-0.1261,0.2246,0.1199,0.6208,4,0.2
2026-07-07,AGI,Alamos Gold Inc.,矿,金,GDX,30.52,Bad Market,,38.9797,39.5342,41.9565,0.0606,-1.5795,-0.0782,0.2866,0.2819,-2.4223,4,0.2
2026-07-07,AGRO,Adecoagro S.A.,化工,农业,MOO,9.62,Bad Market,,12.2862,12.4304,13.4972,0.05,-1.0597,-0.1642,0.4647,0.1921,-1.0667,3.5,0.2001
2026-07-07,AHR,"American Healthcare REIT, Inc.",医药,医疗地产,XLRE,54.93,Wait,,55.5893,56.0689,49.4446,0.0291,3.679,0.1135,0.5,0.1004,6.6243,3.5,0.3436
2026-07-07,AIR,AAR Corp.,航空国防卫星,航空航天国防,ITA,136.63,Wait,,144.9763,146.619,124.4453,0.0401,0.794,0.1385,0.3916,0.1268,22.1736,3.5,0.2495
2026-07-07,AKAM,"Akamai Technologies, Inc.",科技,软件,IGV,114.37,Wait,,161.6085,163.4812,136.1705,0.0546,-1.7125,0.0336,0.6657,0.0843,27.3107,4,0.2
2026-07-07,ALAB,"Astera Labs, Inc.",科技,半导体,SOXX,382.89,Bad Market,,491.6207,504.5217,311.0061,0.1123,-0.2218,0.5989,0.035,0.2231,193.5156,4,0.2
2026-07-07,ALB,Albemarle Corporation,化工,锂电池,XLB,129.02,Wait,,171.9933,174.3531,184.1549,0.061,-2.6425,-0.1026,0.3736,0.3283,-9.8018,4,0.2
2026-07-07,ALGM,"Allegro MicroSystems, Inc.",科技,半导体,SOXX,51.55,Bad Market,,70.6924,72.3011,48.1713,0.104,-0.7104,0.5431,0.0198,0.0999,24.1298,4,0.2
2026-07-07,ALKS,Alkermes plc,医药,生物制药,XBI,55.22,Wait,,55.6922,56.3082,47.9528,0.0372,3.5318,0.3009,0.5244,0.4634,8.3554,3.5,0.2689
2026-07-07,ALM,Almonty Industries Inc.,矿,钨矿,XME,15.2,Bad Market,,20.9599,21.3797,17.8222,0.0921,-1.2508,-0.0342,0.299,0.1661,3.5575,4,0.2
2026-07-07,AMD,"Advanced Micro Devices, Inc.",科技,半导体,QQQ,516.11,Wait,,588.5195,599.9339,428.7185,0.0737,-0.057,0.4505,0.0467,0.2202,171.2154,4,0.2
2026-07-07,AMKR,"Amkor Technology, Inc.",科技,半导体材料,SOXX,65.33,Bad Market,,94.9628,97.082,65.2937,0.1081,-2.0557,0.349,0.1083,0.0144,31.7883,4,0.2
2026-07-07,AMPX,"Amprius Technologies, Inc.",化工,锂电池,XLB,11.72,Wait,,22.8467,23.3067,16.7765,0.1308,-2.2519,-0.0152,0.4907,0.1277,6.5302,4,0.2
2026-07-07,AMZN,"Amazon.com, Inc.",科技,互联网零售,QQQ,245.98,Wait,,256.2498,258.6107,247.4466,0.032,0.7898,0.1,0.044,0.0182,11.164,3.5,0.3126
2026-07-07,ANDG,Andersen Group Inc.,金融,个性化服务,XLF,40.51,Wait,,40.5558,41.2994,30.145,0.0612,1.4015,0.114,0.1327,0.125,11.1544,4,0.2
2026-07-07,ANET,"Arista Networks, Inc.",科技,硬件,XLK,166.46,Wait,,176.5109,179.4373,138.7113,0.0586,0.3478,0.226,0.0635,0.02,40.726,4,0.2
2026-07-07,APA,APA Corporation,油气,油气勘探开发,XLE,34.0,Bad Market,,38.67,39.0522,37.5606,0.0375,-0.3544,-0.1183,0.261,0.0822,1.4917,3.5,0.2668
2026-07-07,APD,"Air Products and Chemicals, Inc",化工,化工,XLB,305.05,Wait,,317.2405,320.0018,281.9749,0.0302,2.1797,0.2612,0.2275,0.0407,38.0269,3.5,0.3314
2026-07-07,APH,Amphenol Corporation,科技,光通信,XLK,158.61,Wait,,177.9061,180.1261,150.4204,0.0467,-0.1682,0.1555,0.115,0.0471,29.7056,3.5,0.2143
2026-07-07,APLD,Applied Digital Corporation,科技,数据中心,XLK,30.71,Wait,,47.3357,48.4542,34.7364,0.1214,-2.7622,0.0709,0.3811,0.0058,13.7178,4,0.2
2026-07-07,ARM,Arm Holdings plc,科技,半导体,SOXX,300.43,Bad Market,,446.1652,456.2229,305.3564,0.1116,-1.7771,0.4424,0.2374,0.1448,150.8665,4,0.2
2026-07-07,AROC,"Archrock, Inc.",油气,油气设备服务,SPY,37.93,Wait,,42.3293,42.8044,36.407,0.0418,0.2829,0.2443,0.1956,0.0445,6.3974,3.5,0.2395
2026-07-07,ARQQ,Arqit Quantum Inc.,科技,半导体,SOXX,19.84,Bad Market,,30.3987,31.4168,16.1454,0.1711,-0.4136,0.4526,0.1124,0.0593,15.2714,4,0.2
2026-07-07,ARXS,"Arxis, Inc.",航空国防卫星,航空航天国防,ITA,42.49,Wait,,47.2401,48.1102,35.2281,0.0683,-0.2236,0.1942,0.0422,0.0596,12.8822,4,0.2
2026-07-07,ASTS,"AST SpaceMobile, Inc.",航空国防卫星,通讯设备,ITA,74.21,Wait,,109.5672,112.3229,96.3469,0.1238,-0.9363,0.0115,0.2861,0.0535,15.976,4,0.2
2026-07-07,ASX,"ASE Technology Holding Co., Ltd",科技,半导体,SOXX,39.65,Bad Market,,45.6951,46.5576,33.6189,0.0725,0.0624,0.5342,0.0062,0.1581,12.9388,4,0.2
2026-07-07,AU,AngloGold Ashanti PLC,矿,金,GDX,82.08,Bad Market,,94.7932,96.088,91.8859,0.0526,-0.5702,-0.0972,0.1341,0.1413,4.2021,4,0.2
2026-07-07,AUGO,Aura Minerals Inc.,矿,金,GDX,63.37,Bad Market,,68.6455,70.0187,90.8304,0.0722,0.3089,-0.0252,0.0138,0.251,-20.8117,4,0.2
2026-07-07,AVGO,Broadcom Inc.,科技,半导体,QQQ,370.78,Wait,,482.9378,488.27,419.361,0.0479,-0.6349,0.0627,0.354,0.0471,68.909,3.5,0.2086
2026-07-07,AVNT,Avient Corporation,化工,化工,XLB,38.1,Wait,,39.271,39.6537,34.4254,0.0335,1.0795,0.0326,0.232,0.0125,5.2283,3.5,0.2987
2026-07-07,AVT,"Avnet, Inc.",科技,电子元器,XLK,81.48,Wait,,93.7448,94.6954,81.8392,0.0389,-2.1388,0.2006,0.2821,0.1029,12.8563,3.5,0.2571
2026-07-07,AXIA,AXIA Energia,可再生能源,再生能源,XLE,10.32,Bad Market,,10.9232,11.0144,12.0262,0.0295,0.0707,-0.1104,0.0915,0.2835,-1.0118,3.5,0.3395
2026-07-07,AXTI,AXT Inc,科技,半导体,SOXX,58.15,Bad Market,,113.1329,116.7223,92.9716,0.2058,-1.9009,0.1023,0.3186,0.06,23.7507,4,0.2
2026-07-07,B,Barrick Mining Corporation,矿,金,GDX,36.86,Bad Market,,43.1586,43.651,41.2551,0.0445,-1.1831,-0.0486,0.2155,0.0959,2.396,3.5,0.2246
2026-07-07,BB,BlackBerry Limited,科技,软件,IGV,11.1,Wait,,12.9999,13.2848,9.0116,0.0855,1.1973,0.6292,0.0948,0.3607,4.2732,4,0.2
2026-07-07,BBIO,"BridgeBio Pharma, Inc.",医药,生物科技,XBI,77.91,Wait,,78.5291,79.3109,68.6293,0.0334,3.1216,-0.1138,0.6063,0.0058,10.6816,3.5,0.299
2026-07-07,BBVA,Banco Bilbao Vizcaya Argentaria,金融,银行,XLF,26.07,Wait,,26.4007,26.5615,24.5317,0.0206,3.6924,-0.0761,0.4465,0.1469,2.0298,3,0.4863
2026-07-07,BCPC,Balchem Corporation,化工,化工,XLB,168.11,Wait,,172.9011,173.9923,166.7481,0.0216,0.6447,-0.0432,0.4132,0.0806,7.2442,3,0.4622
2026-07-07,BDC,Belden Inc,科技,网络基础,XLK,107.41,Wait,,124.3341,125.9014,116.0849,0.0486,-1.6199,0.0923,0.0581,0.1453,9.8165,3.5,0.2056
2026-07-07,BE,Bloom Energy Corporation,可再生能源,电力,QQQ,269.57,Wait,,352.4617,362.3793,213.6159,0.1226,-0.4331,0.3654,0.0423,0.0733,148.7634,4,0.2
2026-07-07,BELFB,Bel Fuse Inc.,科技,电子元件,XLK,251.53,Wait,,337.1331,343.2727,251.1783,0.0814,-2.1141,0.3385,0.1106,0.0199,92.0944,4,0.2
2026-07-07,BEPC,Brookfield Renewable Corporatio,可再生能源,电力,SPY,35.41,Wait,,39.2141,39.576,39.3874,0.0341,-1.6155,-0.0473,0.3405,0.2255,0.1887,3.5,0.2935
2026-07-07,BHE,"Benchmark Electronics, Inc.",科技,解决方案,XLK,81.01,Wait,,99.7151,101.2827,77.7687,0.0645,-1.8013,0.4239,0.111,0.1366,23.514,4,0.2
2026-07-07,BKH,Black Hills Corporation,可再生能源,天然气/电力,XLU,73.25,Wait,,76.7725,77.3031,71.5243,0.0241,0.0571,0.0113,0.0736,0.0687,5.7788,3,0.4142
2026-07-07,BKR,Baker Hughes Company,油气,油气设备服务,SPY,54.47,Wait,,66.6547,67.2097,63.1954,0.034,-2.515,-0.0111,0.3939,0.0968,4.0143,3.5,0.2945
2026-07-07,BKV,BKV Corporation,油气,油气勘探开发,XLE,26.73,Bad Market,,27.6273,27.9311,28.6152,0.0379,1.0422,-0.0611,0.0202,0.0218,-0.6841,3.5,0.2639
2026-07-07,BNTX,BioNTech SE,医药,生物技术,XBI,94.29,Wait,,98.4879,99.2961,102.1715,0.0286,1.3203,-0.1428,0.181,0.0856,-2.8755,3.5,0.35
2026-07-07,BP,BP p.l.c.,油气,综合油气,SPY,38.61,Wait,,44.4261,44.726,44.1313,0.0259,-1.231,-0.0428,0.3428,0.247,0.5947,3.5,0.3862
2026-07-07,BTSG,"BrightSpring Health Services, I",医药,医疗健康,XLV,70.17,Wait,,71.2617,71.9253,62.8185,0.0315,2.0682,0.121,0.4291,0.4261,9.1067,3.5,0.3172
2026-07-07,BTU,Peabody Energy Corporation,油气,煤矿,XLE,22.67,Bad Market,,31.4635,31.8438,26.1394,0.0559,-1.7525,-0.1599,0.5138,0.1123,5.7044,4,0.2
2026-07-07,BUD,Anheuser-Busch Inbev SA Sponsor,消费,消费必需品,XLP,79.74,Wait,,85.8874,86.4254,79.7097,0.0225,-1.1065,0.1418,0.0299,0.0742,6.7157,3,0.4446
2026-07-07,BVN,Buenaventura Mining Company Inc,矿,金,GDX,28.91,Bad Market,,36.2872,36.7779,31.9267,0.0566,-1.4913,-0.0662,0.2185,0.1297,4.8512,4,0.2
2026-07-07,BWLP,BW LPG Limited,油气,海运,SEA,19.23,Bad Market,,21.9223,22.1352,20.1262,0.0369,-0.0768,0.1006,0.1028,0.0521,2.009,3.5,0.271
2026-07-07,BWXT,"BWX Technologies, Inc.",可再生能源,电力,XLU,186.08,Wait,,211.8608,214.3561,206.6686,0.0447,-1.2177,-0.0293,0.0142,0.1871,7.6875,3.5,0.2237
2026-07-07,CAMT,Camtek Ltd.,科技,半导体,SOXX,133.26,Bad Market,,200.4535,204.5087,153.3907,0.1014,-2.7642,0.1604,0.2827,0.1109,51.118,4,0.2
2026-07-07,CAT,"Caterpillar, Inc.",化工,工业机械,XLI,940.12,Wait,,1074.3012,1087.3577,912.575,0.0463,-0.57,0.3344,0.021,0.136,174.7827,3.5,0.216
2026-07-07,CBRS,Cerebras Systems Inc.,科技,半导体,SOXX,176.61,Bad Market,,243.0244,250.8161,,0.1471,-1.4031,,0.1291,,,4,0.2
2026-07-07,CCJ,Cameco Corporation,可再生能源,核电,SPY,94.67,Wait,,115.6324,117.2411,105.0215,0.0566,-1.5591,-0.0425,0.3328,0.1475,12.2195,4,0.2
2026-07-07,CDE,"Coeur Mining, Inc.",矿,银,SIL,16.04,Bad Market,,19.0078,19.3346,16.023,0.0679,-0.672,-0.0938,0.1515,0.0994,3.3116,4,0.2
2026-07-07,CDW,CDW Corporation,科技,IT,XLK,139.23,Wait,,142.0323,143.7285,122.6511,0.0406,1.28,0.1053,0.0294,0.0327,21.0774,3.5,0.2463
2026-07-07,CEG,Constellation Energy Corporatio,可再生能源,核电,SPY,239.71,Wait,,277.9271,281.1006,285.7559,0.0441,-1.6689,-0.1405,0.2337,0.1535,-4.6553,3.5,0.2266
2026-07-07,CELC,Celcuity Inc.,医药,生物技术,XBI,115.72,Too High,,109.8834,111.8384,118.9127,0.0563,3.283,-0.0615,0.5185,0.0414,-7.0743,4,0.2
2026-07-07,CENX,Century Aluminum Company,化工,铝,XLB,45.28,Wait,,67.7046,68.7016,55.4773,0.0734,-2.0116,-0.0469,0.4799,0.1895,13.2242,4,0.2
2026-07-07,CF,"CF Industries Holdings, Inc.",化工,化肥,MOO,114.94,Bad Market,,118.6694,119.9253,115.7379,0.0364,1.8525,-0.1226,0.0427,0.0663,4.1874,3.5,0.2746
2026-07-07,CGAU,Centerra Gold Inc.,矿,金,GDX,16.19,Bad Market,,17.8142,18.0605,16.7459,0.0507,0.1041,-0.0376,0.0522,0.1124,1.3146,4,0.2
2026-07-07,CGNX,Cognex Corporation,化工,工业设备,XLI,64.21,Wait,,73.1619,74.2747,57.5822,0.0578,-0.3316,0.3306,0.0402,0.1028,16.6926,4,0.2
2026-07-07,CGON,"CG Oncology, Inc.",医药,生物技术,XLV,69.2,Wait,,74.4441,75.5153,59.718,0.0516,1.4698,0.1074,0.4235,0.0312,15.7973,4,0.2
2026-07-07,CHRD,Chord Energy Corporation,油气,油气勘探开发,XLE,116.84,Bad Market,,141.7884,143.1726,133.5004,0.0395,-1.6662,-0.0325,0.4006,0.1096,9.6722,3.5,0.2532
2026-07-07,CHRN,ChronoScale Holdings Corporatio,科技,数据中心,DTCR,17.52,Bad Market,,26.4113,27.2983,13.9937,0.1688,-0.97,0.4439,0.0462,0.1265,13.3046,4,0.2
2026-07-07,CIEN,Ciena Corporation,科技,光通信,XLK,418.91,Wait,,627.4491,638.0677,485.418,0.0845,-1.0406,0.102,0.4666,0.0764,152.6498,4,0.2
2026-07-07,CIFR,Cipher Digital Inc.,科技,数据中心,DTCR,20.47,Bad Market,,29.6967,30.4718,18.8454,0.1262,-1.6228,0.2293,0.1945,0.0506,11.6264,4,0.2
2026-07-07,CL,Colgate-Palmolive Company,消费,消费必需品,XLI,95.03,Wait,,96.0803,96.7211,88.7215,0.0225,2.0502,0.0671,0.3785,0.1813,7.9997,3,0.4449
2026-07-07,CLF,Cleveland-Cliffs Inc.,化工,钢铁,XLB,9.54,Wait,,14.5668,14.772,12.0136,0.0717,-3.0727,0.0224,0.4941,0.0078,2.7584,4,0.2
2026-07-07,CLMT,"Calumet, Inc",油气,燃料油,XLE,37.17,Bad Market,,37.7817,38.2128,32.3808,0.0387,1.8463,0.0335,0.0146,0.1289,5.8319,3.5,0.2587
2026-07-07,CLS,"Celestica, Inc.",科技,电子元件,XLK,345.06,Wait,,463.3457,471.1542,368.2862,0.0754,-0.873,0.079,0.3356,0.0456,102.868,4,0.2
2026-07-07,CLSK,"CleanSpark, Inc.",科技,数据中心,DTCR,12.48,Bad Market,,17.8992,18.3329,13.0269,0.1158,-2.3237,0.1928,0.3257,0.0314,5.306,4,0.2
2026-07-07,CMBT,CMB.TECH NV,油气,油气中游,SEA,15.22,Bad Market,,16.1122,16.2927,15.1544,0.0395,0.6915,0.1456,0.0513,0.1298,1.1383,3.5,0.253
2026-07-07,CNP,"CenterPoint Energy, Inc (Holdin",可再生能源,电力,XLU,44.48,Wait,,45.4702,45.7283,42.4589,0.0193,1.2611,0.0816,0.286,0.053,3.2694,3,0.5
2026-07-07,CNQ,Canadian Natural Resources Limi,油气,油气勘探开发,XLE,40.69,Bad Market,,48.0969,48.4374,45.4478,0.0279,-1.2353,-0.0776,0.437,0.1316,2.9896,3.5,0.3585
2026-07-07,COHR,Coherent Corp.,科技,光通信,XLK,314.13,Wait,,432.5294,443.1034,285.9026,0.1122,-1.8883,0.2408,0.2255,0.0159,157.2009,4,0.2
2026-07-07,COP,ConocoPhillips,油气,油气勘探开发,XLE,108.44,Bad Market,,121.0044,121.885,117.9768,0.0271,-0.6385,-0.0848,0.2577,0.1188,3.9081,3.5,0.3694
2026-07-07,CORZ,"Core Scientific, Inc.",科技,数据中心,DTCR,21.54,Bad Market,,29.5467,30.1267,21.4261,0.0898,-2.6773,0.2426,0.3675,0.0473,8.7007,4,0.2
2026-07-07,CRC,California Resources Corporatio,油气,油气勘探开发,XLE,51.07,Bad Market,,62.7107,63.2568,63.7591,0.0356,-2.2151,-0.0942,0.4927,0.2586,-0.5023,3.5,0.2806
2026-07-07,CRDO,Credo Technology Group Holding ,科技,半导体,SOXX,246.4,Bad Market,,308.1959,316.7098,189.0018,0.1152,-0.2505,0.4248,0.0912,0.1325,127.708,4,0.2
2026-07-07,CRGY,Crescent Energy Company,油气,油气勘探开发,XLE,9.41,Bad Market,,12.2941,12.417,12.4856,0.0436,-2.8768,-0.1342,0.5899,0.2252,-0.0686,3.5,0.2296
2026-07-07,CRUS,"Cirrus Logic, Inc.",科技,半导体,SOXX,146.57,Bad Market,,180.3657,182.2915,156.4328,0.0438,-1.6948,0.0619,0.4566,0.1029,25.8587,3.5,0.2283
2026-07-07,CRWD,"CrowdStrike Holdings, Inc.",科技,软件,IGV,194.62,Wait,,201.3262,204.0825,167.2237,0.0472,2.1377,0.2845,0.0874,0.4049,36.8587,3.5,0.2118
2026-07-07,CRWV,"CoreWeave, Inc.",科技,软件,IGV,83.53,Wait,,119.6379,122.1697,104.2221,0.101,-2.0237,0.0016,0.282,0.1349,17.9477,4,0.2
2026-07-07,CSCO,"Cisco Systems, Inc.",科技,通讯,XLK,111.79,Wait,,131.1179,132.2506,116.7846,0.0338,-1.8894,0.1796,0.2849,0.2202,15.466,3.5,0.2961
2026-07-07,CSTM,Constellium SE,化工,铝加工,XLB,29.82,Wait,,36.4649,36.9372,29.8526,0.0528,-2.0402,0.0721,0.3032,0.0035,7.0845,4,0.2
2026-07-07,CSX,CSX Corporation,化工,铁路/联运,IYT,48.51,Wait,,49.3633,49.6472,46.0505,0.0195,1.4205,0.0451,0.2023,0.2045,3.5967,3,0.5
2026-07-07,CTVA,"Corteva, Inc.",化工,农业,MOO,86.75,Bad Market,,87.2575,87.8465,80.5,0.0226,3.7439,0.0832,0.4763,0.1178,7.3465,3,0.4419
2026-07-07,CVE,Cenovus Energy Inc,油气,综合油气,XLE,25.21,Bad Market,,30.0421,30.2973,28.8225,0.0337,-1.0891,-0.0326,0.3769,0.0233,1.4748,3.5,0.2963
2026-07-07,CVX,Chevron Corporation,油气,综合油气,XLE,174.01,Bad Market,,191.5401,192.7593,185.0576,0.0234,-0.7465,-0.0439,0.2931,0.1091,7.7018,3,0.4282
2026-07-07,CWEN,"Clearway Energy, Inc.",可再生能源,电力,SPY,33.48,Wait,,40.7148,41.0923,36.8556,0.0376,-2.5381,0.0446,0.5163,0.1732,4.2367,3.5,0.2661
2026-07-07,D,"Dominion Energy, Inc.",可再生能源,电力,SPY,69.83,Wait,,70.3823,70.7617,65.956,0.0181,1.3664,-0.0295,0.3259,0.1853,4.8058,3,0.5
2026-07-07,DAR,Darling Ingredients Inc.,化工,化工,XLB,58.23,Wait,,62.1323,62.7033,58.1782,0.0327,1.4201,0.0007,0.2044,0.047,4.5251,3.5,0.3059
2026-07-07,DBD,Diebold Nixdorf Incorporated,科技,软件,IGV,83.56,Wait,,85.8556,86.7252,78.625,0.0347,0.2741,0.0342,0.1107,0.0375,8.1001,3.5,0.2883
2026-07-07,DELL,Dell Technologies Inc.,科技,硬件,XLK,417.28,Wait,,440.1758,449.3496,343.6435,0.0733,0.3318,0.5067,0.0133,0.3134,105.706,4,0.2
2026-07-07,DGII,Digi International Inc.,航空国防卫星,通讯设备,XLK,70.16,Wait,,75.6516,76.5296,64.7068,0.0417,0.2663,0.154,0.0686,0.2103,11.8228,3.5,0.2397
2026-07-07,DGX,Quest Diagnostics Incorporated,医药,诊断检测,XLV,212.38,Wait,,218.1438,219.5386,202.0721,0.0219,1.7115,0.0331,0.3369,0.1633,17.4665,3,0.4568
2026-07-07,DHT,"DHT Holdings, Inc.",油气,油气中游,SEA,17.29,Bad Market,,20.1329,20.368,17.2175,0.0453,-0.513,0.1178,0.0945,0.0225,3.1505,3.5,0.2207
2026-07-07,DINO,HF Sinclair Corporation,油气,炼油,XLE,73.94,Bad Market,,75.1894,75.9533,65.5881,0.0344,1.8841,0.0415,0.0206,0.1839,10.3652,3.5,0.2904
2026-07-07,DIOD,Diodes Incorporated,科技,半导体,SOXX,91.57,Bad Market,,124.4089,126.8822,89.7825,0.09,-1.9676,0.3428,0.2352,0.0114,37.0997,4,0.2
2026-07-07,DLR,"Digital Realty Trust, Inc.",医药,房地产,XLRE,174.9,Wait,,197.289,198.7946,186.3442,0.0287,-2.1594,0.1166,0.132,0.1778,12.4504,3.5,0.3485
2026-07-07,DOW,Dow Inc.,化工,化工,XLB,28.64,Wait,,35.6864,36.0654,36.3778,0.0441,-1.8568,-0.1035,0.4934,0.2816,-0.3123,3.5,0.2267
2026-07-07,DTM,"DT Midstream, Inc.",油气,油气中游,AMLP,146.13,Wait,,152.2013,153.1962,141.1707,0.0227,0.6397,0.0283,0.1705,0.1697,12.0255,3,0.4406
2026-07-07,DUK,Duke Energy Corporation (Holdin,可再生能源,电力,XLU,128.22,Wait,,130.8141,131.5426,122.3152,0.0189,1.1185,0.1104,0.231,0.006,9.2274,3,0.5
2026-07-07,DVN,Devon Energy Corporation,油气,油气勘探开发,SPY,42.41,Wait,,47.0241,47.4558,46.3334,0.0339,-0.3909,-0.0411,0.1994,0.0702,1.1224,3.5,0.2947
2026-07-07,ECO,Okeanis Eco Tankers Corp.,油气,油气中游,SPY,53.72,Wait,,57.1772,57.8634,48.9241,0.0426,0.9928,0.09,0.2415,0.0648,8.9393,3.5,0.2349
2026-07-07,EFXT,Enerflex Ltd,油气,油气设备服务,AMLP,23.03,Wait,,26.6103,26.917,24.812,0.0444,-1.1866,0.073,0.2261,0.0166,2.105,3.5,0.2253
2026-07-07,ELAN,Elanco Animal Health Incorporat,医药,动物制药,XLV,24.64,Wait,,25.3764,25.6658,22.804,0.0391,0.5298,-0.02,0.006,0.0471,2.8618,3.5,0.2554
2026-07-07,EMN,Eastman Chemical Company,化工,化工,XLB,69.62,Wait,,75.9762,76.6215,70.0019,0.0309,-0.6741,-0.063,0.2152,0.0619,6.6195,3.5,0.3237
2026-07-07,EMR,Emerson Electric Company,化工,工业机械,XLI,137.91,Wait,,152.0391,153.2811,136.1702,0.03,-1.3091,-0.009,0.0545,0.0188,17.1108,3.5,0.3331
2026-07-07,ENB,Enbridge Inc,油气,油气中游,AMLP,55.05,Wait,,57.2794,57.603,54.8036,0.0196,-0.2285,0.1006,0.0537,0.0723,2.7994,3,0.5
2026-07-07,ENPH,"Enphase Energy, Inc.",可再生能源,太阳能,TAN,42.99,Bad Market,,69.9524,71.3511,53.6815,0.1084,-1.5417,0.1836,0.4834,0.0803,17.6695,4,0.2
2026-07-07,ENS,EnerSys,化工,锂电池,XLI,195.98,Wait,,242.3574,245.6836,198.991,0.0566,-2.5529,0.2728,0.3332,0.007,46.6926,4,0.2
2026-07-07,ENTG,"Entegris, Inc.",科技,半导体材料,SOXX,135.08,Bad Market,,186.741,190.8524,129.1806,0.1015,-1.5874,0.4325,0.0251,0.0024,61.6718,4,0.2
2026-07-07,EPD,Enterprise Products Partners L.,油气,油气中游,AMLP,37.64,Wait,,38.5246,38.7314,37.7321,0.0183,1.12,-0.0,0.0428,0.0144,0.9993,3,0.5
2026-07-07,EQNR,Equinor ASA,油气,综合油气,XLE,33.91,Bad Market,,38.2891,38.5975,37.7623,0.0303,0.234,-0.1202,0.2829,0.1019,0.8352,3.5,0.3299
2026-07-07,EQX,Equinox Gold Corp.,矿,金,GDX,9.81,Bad Market,,11.6643,11.8507,13.1241,0.0634,-0.7112,-0.1425,0.1858,0.2321,-1.2733,4,0.2
2026-07-07,ERAS,"Erasca, Inc.",医药,生物技术,XBI,18.36,Wait,,19.0837,19.4343,17.7955,0.0637,2.7404,0.0209,0.4105,0.0031,1.6388,4,0.2
2026-07-07,ERIC,Ericsson,航空国防卫星,通讯设备,XLK,10.82,Wait,,13.4582,13.5622,12.5262,0.0321,-2.0804,0.031,0.4382,0.0949,1.0361,3.5,0.312
2026-07-07,ES,Eversource Energy (D/B/A),可再生能源,电力,SPY,74.75,Wait,,75.1875,75.6531,69.7845,0.0208,2.5318,0.0196,0.3191,0.1216,5.8686,3,0.4817
2026-07-07,ESE,ESCO Technologies Inc.,航空国防卫星,航空航天国防,ITA,333.29,Wait,,358.2329,362.3365,307.0243,0.041,0.2044,0.1931,0.2489,0.1035,55.3122,3.5,0.2437
2026-07-07,ESI,Element Solutions Inc.,化工,化工,XLB,38.57,Wait,,49.5774,50.3085,39.3422,0.0632,-2.4012,0.3196,0.1101,0.0192,10.9662,4,0.2
2026-07-07,ETN,"Eaton Corporation, PLC",化工,工业机械,XLI,395.68,Wait,,439.7368,445.2408,371.5667,0.0464,-0.6015,0.2022,0.0938,0.0055,73.6741,3.5,0.2157
2026-07-07,ETR,Entergy Corporation,可再生能源,电力,XLU,115.19,Wait,,117.4608,118.1392,111.1254,0.0196,1.1804,0.0172,0.2552,0.0047,7.0138,3,0.5
2026-07-07,EVRG,"Evergy, Inc.",可再生能源,电力,SPY,87.12,Wait,,88.905,89.37,83.4799,0.0178,1.6487,0.0707,0.3223,0.1115,5.8901,3,0.5
2026-07-07,EW,Edwards Lifesciences Corporatio,医药,医疗器械,IHI,94.82,Bad Market,,96.1282,96.8633,86.6038,0.0258,2.5533,0.0426,0.3419,0.2322,10.2595,3.5,0.387
2026-07-07,EXC,Exelon Corporation,可再生能源,电力,XLU,47.57,Wait,,48.3557,48.6438,44.999,0.0202,1.3266,0.038,0.2101,0.0007,3.6448,3,0.4954
2026-07-07,EXE,Expand Energy Corporation,油气,油气勘探开发,XLE,89.56,Bad Market,,94.2956,94.9521,95.5847,0.0244,0.3249,-0.1768,0.0604,0.1212,-0.6325,3,0.4092
2026-07-07,EXK,Endeavour Silver Corporation,矿,银,SIL,8.02,Bad Market,,9.4142,9.5856,9.1755,0.0712,-0.527,-0.1287,0.1627,0.088,0.4101,4,0.2
2026-07-07,EXTR,"Extreme Networks, Inc.",科技,网络,XLK,30.02,Wait,,32.6702,33.1122,27.2138,0.0491,-0.54,0.3204,0.0696,0.2946,5.8983,3.5,0.2038
2026-07-07,F,Ford Motor Company,消费,可选消费,XLY,13.56,Wait,,15.8456,16.0081,15.544,0.04,-1.2589,0.0766,0.4095,0.0605,0.4642,3.5,0.2503
2026-07-07,FANG,"Diamondback Energy, Inc.",油气,油气勘探开发,XLE,180.56,Bad Market,,212.3956,214.1035,193.7646,0.0315,-0.851,-0.0544,0.4049,0.0306,20.3389,3.5,0.3172
2026-07-07,FCX,"Freeport-McMoRan, Inc.",矿,铜,COPX,59.33,Bad Market,,71.2333,72.0554,62.1288,0.0462,-1.9613,-0.0075,0.3171,0.0926,9.9266,3.5,0.2165
2026-07-07,FE,FirstEnergy Corp.,可再生能源,电力,XLU,48.39,Wait,,48.9852,49.2584,47.8485,0.0188,1.3498,0.0265,0.2409,0.0786,1.4099,3,0.5
2026-07-07,FLEX,Flex Ltd.,科技,电子元件,XLK,131.52,Wait,,164.2803,167.5957,117.8647,0.084,-1.6499,0.4718,0.2233,0.1815,49.731,4,0.2
2026-07-07,FLNC,"Fluence Energy, Inc.",可再生能源,电力,GRID,16.2,Wait,,27.6546,28.4115,17.8176,0.1557,-2.1676,0.0858,0.3038,0.0164,10.594,4,0.2
2026-07-07,FLOC,Flowco Holdings Inc.,油气,油气设备服务,XLE,19.31,Bad Market,,24.1967,24.5217,23.756,0.0561,-2.7725,0.0406,0.3705,0.1464,0.7657,4,0.2
2026-07-07,FLR,Fluor Corporation,化工,建筑,XLI,48.61,Wait,,54.9061,55.6101,46.2067,0.0483,-1.1593,0.0896,0.0577,0.0109,9.4034,3.5,0.2071
2026-07-07,FLS,Flowserve Corporation,化工,工业设备,XLI,71.37,Wait,,82.4137,83.3698,76.765,0.0447,-1.5057,0.0436,0.0965,0.0608,6.6048,3.5,0.2239
2026-07-07,FN,Fabrinet,科技,光通信,XLK,468.48,Wait,,734.105,747.7625,564.3702,0.0972,-2.3238,0.0356,0.4789,0.1481,183.3923,4,0.2
2026-07-07,FORM,"FormFactor, Inc.",科技,半导体材料,SOXX,106.05,Bad Market,,162.6851,166.8178,104.8277,0.1299,-2.2577,0.3665,0.0923,0.056,61.9901,4,0.2
2026-07-07,FPS,"Forgent Power Solutions, Inc.",化工,电气设备,XLI,44.67,Wait,,65.4734,66.7986,46.9213,0.0989,-2.8078,0.2043,0.288,0.1112,19.8773,4,0.2
2026-07-07,FRO,Frontline Plc,油气,油气中游,SPY,37.66,Wait,,43.2566,43.8005,36.5344,0.0481,-0.0574,0.1695,0.1479,0.0579,7.2661,3.5,0.2077
2026-07-07,FSLR,"First Solar, Inc.",可再生能源,太阳能,TAN,227.72,Bad Market,,321.1333,325.4583,260.5833,0.0633,-1.7591,0.1033,0.4836,0.0891,64.8751,4,0.2
2026-07-07,FTI,TechnipFMC plc,油气,油气设备服务,SPY,68.11,Wait,,71.4711,72.1243,69.369,0.032,0.4425,0.0039,0.0056,0.0699,2.7553,3.5,0.3128
2026-07-07,FUL,H. B. Fuller Company,化工,材料,XLB,57.57,Wait,,65.4357,66.1451,56.584,0.0411,-1.7999,0.0673,0.1595,0.08,9.5611,3.5,0.2435
2026-07-07,GEL,"Genesis Energy, L.P.",油气,油气中游,AMLP,14.95,Wait,,15.8095,15.964,15.588,0.0344,0.7351,0.008,0.0474,0.1825,0.376,3.5,0.2904
2026-07-07,GENB,"Generate Biomedicines, Inc.",医药,生物制药,XBI,16.22,Wait,,17.6529,18.0173,12.5514,0.0749,1.1003,0.0296,0.2487,0.1079,5.466,4,0.2
2026-07-07,GEV,GE Vernova Inc.,可再生能源,电力,SPY,1077.08,Wait,,1187.0063,1205.2257,931.9345,0.0564,0.7341,0.2718,0.1385,0.0589,273.2912,4,0.2
2026-07-07,GFI,Gold Fields Limited,矿,金,GDX,33.59,Bad Market,,39.9917,40.5343,42.7259,0.0538,-0.9956,-0.1481,0.1642,0.2005,-2.1916,4,0.2
2026-07-07,GFS,GlobalFoundries Inc.,科技,半导体,SOXX,65.84,Bad Market,,90.7624,92.401,68.1118,0.083,-2.5692,0.2993,0.2789,0.0959,24.2893,4,0.2
2026-07-07,GLNG,Golar LNG Limited,油气,油气中游,AMLP,50.5,Wait,,52.185,52.6078,52.427,0.0279,0.2171,-0.0383,0.1157,0.0819,0.1809,3.5,0.3583
2026-07-07,GLW,Corning Incorporated,科技,电子元件,XLK,185.38,Wait,,259.6461,265.5801,176.5689,0.1067,-0.6904,0.4588,0.0548,0.0385,89.0113,4,0.2
2026-07-07,GOOGL,Alphabet Inc.,科技,IT,QQQ,367.03,Wait,,376.9203,380.2731,363.5043,0.0304,0.7849,0.1149,0.0647,0.1018,16.7688,3.5,0.3284
2026-07-07,GRDN,"Guardian Pharmacy Services, Inc",医药,药房,XLV,39.97,Wait,,43.7997,44.3911,36.5003,0.0493,-0.7885,0.1641,0.0395,0.0815,7.8908,3.5,0.2028
2026-07-07,GSAT,"Globalstar, Inc.",航空国防卫星,电信服务,XLK,80.11,Wait,,83.2398,83.5937,80.8912,0.0147,-0.4256,-0.4488,0.1334,0.0032,2.7025,3,0.5
2026-07-07,HAFN,Hafnia Limited,油气,油气中游,SEA,7.18,Bad Market,,7.8018,7.8844,8.4964,0.0383,-0.118,0.0592,0.1622,0.1139,-0.612,3.5,0.2608
2026-07-07,HAL,Halliburton Company,油气,油气设备服务,SPY,33.79,Wait,,41.5579,41.886,39.1524,0.0324,-2.2494,-0.0664,0.5091,0.1175,2.7336,3.5,0.309
2026-07-07,HBM,Hudbay Minerals Inc.,矿,铜,COPX,21.55,Bad Market,,30.6389,31.1022,25.6924,0.0717,-2.5256,0.0783,0.3902,0.0654,5.4098,4,0.2
2026-07-07,HCC,"Warrior Met Coal, Inc.",矿,焦煤,XME,77.74,Bad Market,,106.7811,108.0577,93.2581,0.0547,-2.6755,-0.0279,0.5766,0.0601,14.7997,4,0.2
2026-07-07,HIMX,"Himax Technologies, Inc.",科技,半导体,SOXX,14.05,Bad Market,,24.4967,24.9568,18.0559,0.1091,-1.6671,0.2003,0.4694,0.0537,6.9009,4,0.2
2026-07-07,HLN,Haleon plc,医药,制药,XLV,9.84,Wait,,9.9155,9.9728,9.2472,0.0194,3.5036,0.0478,0.3784,0.0391,0.7256,3,0.5
2026-07-07,HPE,Hewlett Packard Enterprise Comp,科技,IT,XLK,43.47,Wait,,55.7024,56.5309,45.1025,0.0635,-1.1905,0.3473,0.3845,0.2395,11.4285,4,0.2
2026-07-07,HUN,Huntsman Corporation,化工,化工,XLB,10.97,Wait,,16.0228,16.222,13.2339,0.0605,-2.4818,-0.0498,0.4069,0.145,2.9881,4,0.2
2026-07-07,HUT,Hut 8 Corp.,科技,数据中心,DTCR,96.74,Bad Market,,133.5552,136.9531,87.7154,0.1171,-1.6523,0.3273,0.2901,0.0992,49.2377,4,0.2
2026-07-07,HWKN,"Hawkins, Inc.",化工,化工,XLB,136.26,Wait,,166.9199,169.0348,143.4816,0.0517,-2.6034,0.085,0.3204,0.0761,25.5532,4,0.2
2026-07-07,IAG,Iamgold Corporation,矿,金,GDX,15.88,Bad Market,,18.2732,18.548,15.5856,0.0577,-0.4181,-0.0532,0.082,0.1079,2.9624,4,0.2
2026-07-07,IBM,International Business Machines,科技,IT,XLK,306.13,Wait,,308.6913,312.3666,286.3519,0.04,2.7121,0.1627,0.0037,0.153,26.0146,3.5,0.2499
2026-07-07,IMOS,ChipMOS TECHNOLOGIES INC.,科技,半导体,SOXX,65.85,Bad Market,,73.5153,74.9931,52.8248,0.0748,0.781,0.408,0.0399,0.1037,22.1683,4,0.2
2026-07-07,INFQ,"Infleqtion, Inc.",科技,量子计算,QTUM,11.66,Bad Market,,17.7117,18.1642,13.8363,0.1294,-1.3746,-0.0134,0.3291,0.0776,4.3279,4,0.2
2026-07-07,INGM,Ingram Micro Holding Corporatio,科技,IT,XLK,27.14,Wait,,31.0914,31.4047,27.9847,0.0385,-1.0648,0.0496,0.3622,0.0808,3.42,3.5,0.2599
2026-07-07,INSW,"International Seaways, Inc.",油气,油气中游,SEA,85.23,Bad Market,,90.8323,91.9946,78.0602,0.0455,0.7413,0.1951,0.1914,0.1066,13.9344,3.5,0.22
2026-07-07,INTC,Intel Corporation,科技,半导体,SOXX,110.39,Bad Market,,143.067,146.2576,98.3992,0.0963,-1.2464,0.4162,0.0163,0.1469,47.8584,4,0.2
2026-07-07,IONQ,"IonQ, Inc.",科技,量子计算,QTUM,45.36,Bad Market,,69.2038,70.6645,52.594,0.1073,-2.0147,0.0899,0.3768,0.0047,18.0705,4,0.2
2026-07-07,IPGP,IPG Photonics Corporation,科技,光电,XLK,96.6,Wait,,124.0593,126.3834,94.8931,0.0802,-1.8927,0.0606,0.2486,0.1076,31.4903,4,0.2
2026-07-07,IRDM,Iridium Communications Inc,航空国防卫星,电信服务,XLK,51.09,Wait,,56.4067,57.4368,41.9853,0.0672,1.077,0.2867,0.0455,0.0874,15.4516,4,0.2
2026-07-07,IREN,IREN LIMITED,科技,数据中心,DTCR,39.815,Bad Market,,66.4731,67.9629,47.9771,0.1247,-2.5363,0.0453,0.3781,0.0467,19.9857,4,0.2
2026-07-07,JBL,Jabil Inc.,科技,电子元件,XLK,321.08,Wait,,389.7138,395.8395,303.9538,0.0636,-2.3244,0.2888,0.2682,0.0229,91.8857,4,0.2
2026-07-07,KALU,Kaiser Aluminum Corporation,化工,铝加工,XLB,170.83,Wait,,197.4945,200.2912,158.3406,0.0546,-1.2365,0.2165,0.1398,0.1097,41.9505,4,0.2
2026-07-07,KEYS,Keysight Technologies Inc.,科技,科技仪器,QQQ,309.12,Wait,,376.4942,381.2256,310.2555,0.051,-2.1308,0.2371,0.1806,0.0494,70.9701,4,0.2
2026-07-07,KGS,"Kodiak Gas Services, Inc.",油气,油气设备服务,XLE,68.01,Bad Market,,76.9501,77.8643,65.6041,0.0448,-0.5674,0.264,0.0174,0.0746,12.2603,3.5,0.2232
2026-07-07,KLAC,KLA Corporation,科技,半导体,SOXX,216.47,Bad Market,,305.8139,311.9698,219.6314,0.0948,-1.3799,0.6179,0.0119,0.0876,92.3385,4,0.2
2026-07-07,KLIC,"Kulicke and Soffa Industries, I",科技,半导体,SOXX,105.87,Bad Market,,135.6388,138.382,97.2338,0.0864,-1.3829,0.5267,0.0261,0.1493,41.1482,4,0.2
2026-07-07,KMI,"Kinder Morgan, Inc.",油气,油气中游,SPY,32.49,Wait,,33.5149,33.728,32.1785,0.0219,0.791,0.0189,0.1436,0.034,1.5495,3,0.4573
2026-07-07,KNOP,KNOT Offshore Partners LP,油气,油气中游,SEA,10.94,Bad Market,,10.9194,11.0219,10.3346,0.0312,1.767,0.0334,0.0649,0.1021,0.6873,3.5,0.3203
2026-07-07,KNSA,Kiniksa Pharmaceuticals Interna,医药,制药,XLV,67.29,Too High,,65.2029,65.984,55.4173,0.0387,4.3124,0.1836,0.595,0.2925,10.5666,3.5,0.2584
2026-07-07,KOD,Kodiak Sciences Inc,医药,生物技术,XBI,38.3,Wait,,39.5304,40.3861,35.0311,0.0745,1.1707,0.0206,0.1573,0.0307,5.355,4,0.2
2026-07-07,LAES,SEALSQ Corp,科技,半导体,SOXX,2.8,Bad Market,,3.7047,3.7868,2.6258,0.0977,-1.2539,-0.0934,0.234,0.0064,1.161,4,0.2
2026-07-07,LBRT,Liberty Energy Inc.,油气,油气设备服务,XLE,23.66,Bad Market,,31.823,32.2176,28.6693,0.0556,-2.5133,-0.0365,0.4907,0.1112,3.5483,4,0.2
2026-07-07,LHX,"L3Harris Technologies, Inc.",航空国防卫星,航空航天国防,ITA,295.4,Wait,,316.124,318.6177,324.3167,0.0281,-0.4683,-0.0074,0.068,0.23,-5.699,3.5,0.3554
2026-07-07,LIN,Linde plc,化工,化工气体,XLB,538.23,Wait,,552.0223,555.6266,510.5972,0.0223,1.6067,0.1645,0.242,0.1346,45.0294,3,0.448
2026-07-07,LITE,Lumentum Holdings Inc.,科技,光通信,XLK,698.91,Wait,,972.0616,994.2941,756.6574,0.106,-2.0464,0.056,0.2875,0.084,237.6367,4,0.2
2026-07-07,LNG,"Cheniere Energy, Inc.",油气,油气中游,XLE,255.0,Bad Market,,248.64,250.9029,248.5497,0.0296,2.2919,-0.0107,0.2512,0.0371,2.3532,3.5,0.3381
2026-07-07,LNT,Alliant Energy Corporation,可再生能源,天然气/电力,XLU,77.65,Wait,,78.7185,79.1317,73.8987,0.0177,2.303,0.0826,0.3854,0.1227,5.2329,3,0.5
2026-07-07,LOGI,Logitech International S.A. - R,科技,硬件,XLK,97.11,Wait,,120.0411,121.0994,114.3436,0.0363,-2.1437,0.0696,0.5438,0.0162,6.7558,3.5,0.2753
2026-07-07,LSCC,Lattice Semiconductor Corporati,科技,半导体,SOXX,130.6,Bad Market,,157.1972,160.0879,116.7271,0.0738,-1.3308,0.299,0.1802,0.0751,43.3608,4,0.2
2026-07-07,LUMN,"Lumen Technologies, Inc.",科技,电信,SPY,6.44,Wait,,10.0845,10.2413,8.8997,0.0811,-3.079,-0.0515,0.639,0.1274,1.3415,4,0.2
2026-07-07,LUNR,"Intuitive Machines, Inc.",航空国防卫星,航空航天国防,ITA,17.85,Wait,,34.3798,35.2045,34.704,0.154,-1.9942,-0.0381,0.5226,0.0968,0.5005,4,0.2
2026-07-07,LWLG,"Lightwave Logic, Inc.",科技,电光聚合物材料,XLK,6.74,Wait,,12.5048,12.8269,13.9248,0.1593,-2.2211,-0.0774,0.4214,0.1169,-1.0979,4,0.2
2026-07-07,LYB,LyondellBasell Industries NV,化工,化工,XLB,54.6,Wait,,67.846,68.4883,70.266,0.0392,-2.1141,-0.1678,0.558,0.2962,-1.7776,3.5,0.255
2026-07-07,MANE,"Veradermics, Incorporated",医药,生物制药,XBI,116.8,Wait,,131.3717,133.8194,97.1052,0.0699,1.2558,0.1522,0.2177,0.1998,36.7142,4,0.2
2026-07-07,MARA,"MARA Holdings, Inc.",科技,数据中心,DTCR,12.05,Bad Market,,15.1055,15.4887,9.7406,0.106,-1.3516,0.218,0.1452,0.0191,5.7481,4,0.2
2026-07-07,MCHP,Microchip Technology Incorporat,科技,半导体,SOXX,84.15,Bad Market,,103.7713,105.3634,81.6931,0.0631,-1.562,0.2371,0.1623,0.0481,23.6702,4,0.2
2026-07-07,MDA,MDA Space Ltd.,航空国防卫星,航空航天国防,ITA,39.53,Wait,,42.6314,43.4134,38.2524,0.0659,0.3216,0.0981,0.0229,0.0545,5.161,4,0.2
2026-07-07,MDLN,Medline Inc.,医药,医疗器械,XLV,43.01,Wait,,43.6201,44.0999,42.662,0.0372,3.4481,-0.0858,0.4809,0.0802,1.4379,3.5,0.2689
2026-07-07,MEOH,Methanex Corporation,化工,甲醇,XLB,45.95,Wait,,63.0095,63.6499,58.2483,0.0465,-3.0319,-0.1127,0.5567,0.1711,5.4016,3.5,0.2152
2026-07-07,MKSI,MKS Inc.,科技,科技仪器,QQQ,349.57,Wait,,450.3513,458.6783,333.7732,0.0794,-0.8563,0.45,0.0339,0.1229,124.9052,4,0.2
2026-07-07,MLI,"Mueller Industries, Inc.",化工,工业制造,XLI,55.67,Wait,,70.3117,71.039,61.9296,0.0435,-4.0352,0.2135,0.4056,0.0527,9.1094,3.5,0.2296
2026-07-07,MNR,Mach Natural Resources LP,油气,油气勘探开发,XLE,12.79,Bad Market,,13.8779,13.9761,13.7645,0.0256,-0.1237,-0.1368,0.1739,0.0199,0.2116,3.5,0.3908
2026-07-07,MOG.A,Moog Inc.,航空国防卫星,航空航天国防,ITA,412.01,Wait,,429.9701,434.3408,374.8591,0.0354,0.5055,0.188,0.2792,0.306,59.4817,3.5,0.2828
2026-07-07,MOS,Mosaic Company (The),化工,化肥,MOO,21.12,Bad Market,,23.5112,23.799,21.3727,0.0454,-0.5828,-0.0702,0.1577,0.1442,2.4263,3.5,0.2202
2026-07-07,MPLX,MPLX LP,油气,油气中游,AMLP,57.51,Wait,,58.198,58.5088,54.572,0.018,0.9923,-0.0133,0.217,0.0831,3.9368,3,0.5
2026-07-07,MRCY,Mercury Systems Inc,航空国防卫星,航空航天国防,ITA,115.83,Wait,,127.5553,129.5732,99.3046,0.0581,0.252,0.257,0.0506,0.2023,30.2685,4,0.2
2026-07-07,MRVL,"Marvell Technology, Inc.",科技,半导体,SOXX,230.7,Bad Market,,321.7419,329.7098,210.1913,0.1151,-1.8068,0.5206,0.1735,0.1414,119.5186,4,0.2
2026-07-07,MRX,Marex Group plc,金融,资本市场,XLF,67.21,Enter,0.027,67.1828,68.192,53.0542,0.0501,1.3976,0.3373,0.3417,0.204,15.1378,4,0.2
2026-07-07,MSFT,Microsoft Corporation,科技,软件,QQQ,388.84,Wait,,431.9384,435.6921,416.7268,0.0322,0.3157,0.09,0.2387,0.081,18.9652,3.5,0.3108
2026-07-07,MSGS,Madison Square Garden Sports Co,化工,运动球队,SPY,390.73,Wait,,406.9373,410.6486,359.7311,0.0317,0.5965,0.1451,0.0816,0.251,50.9175,3.5,0.3158
2026-07-07,MTDR,Matador Resources Company,油气,油气勘探开发,XLE,52.14,Bad Market,,57.0614,57.6102,57.4174,0.0351,0.4168,-0.0998,0.2165,0.1035,0.1927,3.5,0.285
2026-07-07,MTRN,Materion Corporation,化工,工业金属,XLI,247.2,Wait,,300.2522,304.5455,240.1457,0.0579,-0.9696,0.4105,0.1075,0.2485,64.3998,4,0.2
2026-07-07,MTZ,"MasTec, Inc.",化工,建筑,XLI,358.85,Wait,,433.3842,439.8256,351.6255,0.0598,-1.0107,0.2713,0.0395,0.0013,88.2,4,0.2
2026-07-07,MU,"Micron Technology, Inc.",科技,光通信,SOXX,938.38,Bad Market,,1232.1758,1260.0995,841.2449,0.0992,-1.1209,0.51,0.0937,0.1869,418.8545,4,0.2
2026-07-07,MWH,"SOLV Energy, Inc.",可再生能源,太阳能,TAN,29.03,Bad Market,,37.3282,38.0604,37.0066,0.0841,-1.7273,0.1187,0.2049,0.0669,1.0538,4,0.2
2026-07-07,MXL,"MaxLinear, Inc",科技,半导体,SOXX,85.82,Bad Market,,130.4957,134.1944,78.7152,0.1437,-0.3972,0.5327,0.0341,0.1921,55.4792,4,0.2
2026-07-07,NAT,Nordic American Tankers Limited,油气,油气中游,SEA,5.89,Bad Market,,6.5289,6.6156,5.4589,0.049,0.6473,0.17,0.2049,0.0045,1.1567,3.5,0.2039
2026-07-07,NBIS,Nebius Group N.V.,科技,数据中心,DTCR,195.19,Bad Market,,292.0195,300.0137,180.1008,0.1365,-1.936,0.397,0.1893,0.0485,119.9129,4,0.2
2026-07-07,NBIX,"Neurocrine Biosciences, Inc.",医药,生物科技,XBI,177.49,Too High,,176.0349,177.4449,157.8103,0.0265,2.8141,0.068,0.2358,0.3669,19.6346,3.5,0.3776
2026-07-07,NDAQ,"Nasdaq, Inc.",金融,资本市场,XLF,86.43,Wait,,91.9043,92.7167,83.3314,0.0313,0.8912,0.1171,0.0106,0.0379,9.3853,3.5,0.3191
2026-07-07,NE,Noble Corporation plc A,油气,油气勘探开发,SPY,38.36,Wait,,47.3636,47.8164,49.0872,0.0393,-2.3871,-0.0792,0.4126,0.198,-1.2707,3.5,0.2541
2026-07-07,NEE,"NextEra Energy, Inc.",可再生能源,电力,SPY,88.47,Wait,,89.5107,90.0211,92.7757,0.0192,1.1452,-0.1092,0.2311,0.0526,-2.7546,3,0.5
2026-07-07,NEM,Newmont Corporation,矿,金,GDX,95.06,Bad Market,,109.3906,110.6588,105.9046,0.0445,-0.8509,-0.069,0.2087,0.1187,4.7542,3.5,0.2249
2026-07-07,NI,NiSource Inc,可再生能源,天然气/电力,XLU,47.49,Wait,,49.5417,49.8188,46.3096,0.0194,0.2426,0.0444,0.162,0.0086,3.5092,3,0.5
2026-07-07,NJR,NewJersey Resources Corporation,可再生能源,天然气,SPY,57.47,Wait,,58.1847,58.593,54.1073,0.0237,1.2933,0.1506,0.2441,0.0469,4.4857,3,0.4223
2026-07-07,NN,NextNav Inc.,航空国防卫星,软件基础设施,XLK,16.89,Wait,,23.8906,24.3414,17.5789,0.089,-1.2663,0.0284,0.2612,0.0984,6.7624,4,0.2
2026-07-07,NOG,"Northern Oil and Gas, Inc.",油气,油气勘探开发,XLE,18.48,Bad Market,,22.2948,22.5532,24.9352,0.0466,-1.194,-0.0953,0.3159,0.249,-2.382,3.5,0.2145
2026-07-07,NOK,Nokia Corporation Sponsored,航空国防卫星,通讯设备,XLK,11.85,Wait,,16.9057,17.1694,13.3351,0.0742,-2.1031,0.2175,0.4067,0.0528,3.8343,4,0.2
2026-07-07,NRG,"NRG Energy, Inc.",可再生能源,电力,SPY,138.01,Wait,,150.7401,152.4706,148.3111,0.0418,0.3891,-0.0559,0.0618,0.1561,4.1595,3.5,0.2393
2026-07-07,NTR,Nutrien Ltd.,化工,化肥,MOO,65.32,Bad Market,,69.6532,70.1502,71.4419,0.0254,0.7609,-0.1459,0.1732,0.16,-1.2918,3.5,0.3943
2026-07-07,NVDA,NVIDIA Corporation,科技,半导体,QQQ,196.93,Wait,,220.6293,222.699,211.5941,0.035,-0.7827,0.0138,0.2021,0.0061,11.1048,3.5,0.2855
2026-07-07,NVTS,Navitas Semiconductor Corporati,科技,半导体,SOXX,13.99,Bad Market,,31.3131,32.0227,22.3283,0.1691,-2.7731,0.125,0.5626,0.0179,9.6944,4,0.2
2026-07-07,NWE,"NorthWestern Energy Group, Inc.",可再生能源,天然气/电力,XLU,70.75,Wait,,74.1275,74.6385,68.3099,0.0241,0.1233,0.0129,0.068,0.0503,6.3286,3,0.4154
2026-07-07,NXE,Nexgen Energy Ltd.,矿,铀,URA,9.09,Bad Market,,11.5219,11.6896,10.863,0.0615,-1.6191,-0.0691,0.3499,0.1931,0.8266,4,0.2
2026-07-07,NXPI,NXP Semiconductors N.V.,科技,半导体,SOXX,273.15,Bad Market,,326.2406,330.7414,272.6587,0.0549,-1.4666,0.2068,0.2413,0.1238,58.0827,4,0.2
2026-07-07,NXT,Nextpower Inc.,可再生能源,太阳能,TAN,108.85,Bad Market,,152.1967,155.0116,118.8671,0.0862,-1.1403,0.0636,0.3319,0.0071,36.1445,4,0.2
2026-07-07,OGE,OGE Energy Corp,可再生能源,电力,SPY,49.04,Wait,,50.0339,50.3062,46.8567,0.0185,1.0317,0.0483,0.2226,0.0147,3.4495,3,0.5
2026-07-07,OGN,Organon & Co.,医药,制药,XLV,13.51,Wait,,13.6014,13.6263,13.3114,0.0061,0.6276,-0.6495,0.2157,0.5061,0.3149,3,0.5
2026-07-07,OKE,"ONEOK, Inc.",油气,油气中游,XLE,90.67,Bad Market,,91.4967,92.2244,86.7499,0.0268,1.1836,0.012,0.1308,0.0701,5.4745,3.5,0.3738
2026-07-07,OKLO,Oklo Inc.,可再生能源,核能,NLR,47.9,Bad Market,,66.3029,67.6722,61.3625,0.0953,-1.703,-0.1984,0.3703,0.0903,6.3097,4,0.2
2026-07-07,ON,ON Semiconductor Corporation,科技,半导体,SOXX,91.1,Bad Market,,135.7058,138.3695,98.4136,0.0975,-2.2083,0.3959,0.2977,0.0421,39.9559,4,0.2
2026-07-07,ONDS,Ondas Inc,航空国防卫星,通讯设备,XLK,7.35,Wait,,12.1257,12.3591,10.4669,0.1059,-1.8615,-0.1516,0.4936,0.1049,1.8922,4,0.2
2026-07-07,OR,OR Royalties Inc.,矿,金,GDX,30.11,Bad Market,,37.162,37.63,36.5003,0.0518,-1.8889,-0.0629,0.2692,0.2149,1.1297,4,0.2
2026-07-07,ORA,"Ormat Technologies, Inc.",可再生能源,再生能源,XLU,110.07,Wait,,146.2007,147.5725,129.0955,0.0415,-3.5022,0.112,0.5801,0.0178,18.477,3.5,0.2407
2026-07-07,ORCL,Oracle Corporation,科技,软件,XLK,141.6,Wait,,238.2737,241.1744,209.4751,0.0683,-3.2951,-0.0147,0.7024,0.1136,31.6992,4,0.2
2026-07-07,ORLA,Orla Mining Ltd.,矿,金,GDX,9.77,Bad Market,,11.6951,11.8828,13.9275,0.064,-0.8072,-0.2291,0.2056,0.2667,-2.0447,4,0.2
2026-07-07,OSCR,"Oscar Health, Inc.",医药,健康保险,XLV,31.12,Wait,,32.5234,33.0385,25.3117,0.0552,1.2903,0.2775,0.5014,0.367,7.7268,4,0.2
2026-07-07,OVV,Ovintiv Inc. (DE),油气,油气勘探开发,XLE,54.97,Bad Market,,59.8397,60.3418,57.2224,0.0304,0.2799,-0.0578,0.1775,0.0125,3.1194,3.5,0.3285
2026-07-07,OXY,Occidental Petroleum Corporatio,油气,油气勘探开发,SPY,51.68,Wait,,60.1568,60.6457,55.056,0.0315,-0.5921,-0.0845,0.3783,0.0877,5.5897,3.5,0.3171
2026-07-07,P,"Everpure, Inc.",科技,硬件,XLK,78.25,Wait,,81.778,83.1849,69.5905,0.0599,1.1077,0.1046,0.0417,0.071,13.5945,4,0.2
2026-07-07,PAA,"Plains All American Pipeline, L",油气,油气中游,AMLP,22.68,Wait,,23.1468,23.2943,22.675,0.0217,1.1878,0.0252,0.0438,0.076,0.6193,3,0.4613
2026-07-07,PAAS,Pan American Silver Corp.,矿,银,SIL,44.16,Bad Market,,53.5346,54.2616,54.0872,0.0549,-1.1151,-0.0949,0.2708,0.1433,0.1744,4,0.2
2026-07-07,PARR,"Par Pacific Holdings, Inc. Comm",油气,炼油,SPY,61.46,Enter,0.1279,61.3546,62.1789,59.583,0.0447,2.4137,-0.0732,0.1449,0.0269,2.5959,3.5,0.2237
2026-07-07,PBA,Pembina Pipeline Corp.,油气,油气中游,XLE,47.72,Bad Market,,49.7272,50.0203,46.6494,0.0205,0.5006,0.082,0.0755,0.1557,3.3709,3,0.4885
2026-07-07,PBF,PBF Energy Inc.,油气,炼油,SPY,48.46,Wait,,49.7465,50.4762,39.5302,0.0502,2.5022,-0.0019,0.2159,0.0862,10.946,4,0.2
2026-07-07,PBR,Petroleo Brasileiro S.A. Petrob,油气,综合油气,XLE,16.66,Bad Market,,18.5466,18.678,20.4967,0.0263,-0.7853,-0.1603,0.3168,0.3033,-1.8187,3.5,0.3803
2026-07-07,PCG,Pacific Gas & Electric Co.,可再生能源,电力,XLU,17.18,Wait,,17.5518,17.6726,16.1721,0.0234,0.9003,-0.0237,0.0641,0.016,1.5005,3,0.4267
2026-07-07,PENG,"Penguin Solutions, Inc.",科技,数据中心,DTCR,62.71,Bad Market,,77.5404,79.8361,45.4011,0.122,-0.2656,0.6577,0.0962,0.2401,34.435,4,0.2
2026-07-07,PFE,"Pfizer, Inc.",医药,生物技术,XLV,24.07,Wait,,26.4507,26.6272,25.7951,0.0244,-1.6386,0.047,0.1786,0.2207,0.8321,3,0.4091
2026-07-07,PL,Planet Labs PBC,航空国防卫星,航空航天国防,ITA,28.66,Wait,,44.1746,45.1416,38.5076,0.1125,-0.46,0.0056,0.3809,0.1194,6.634,4,0.2
2026-07-07,PLAB,"Photronics, Inc.",科技,半导体材料,SOXX,27.55,Bad Market,,34.5334,35.2435,45.4922,0.0859,-1.4702,-0.0453,0.1593,0.1934,-10.2487,4,0.2
2026-07-07,PLTR,Palantir Technologies Inc.,科技,软件,QQQ,134.37,Wait,,143.5698,145.6246,133.2534,0.051,1.2932,-0.004,0.099,0.0422,12.3711,4,0.2
2026-07-07,PNR,Pentair plc.,化工,污水处理,XLI,75.18,Wait,,77.4718,78.0754,85.2281,0.0268,0.3044,-0.1196,0.1796,0.2097,-7.1527,3.5,0.3737
2026-07-07,PNW,Pinnacle West Capital Corporati,可再生能源,电力,XLU,108.61,Wait,,110.4205,111.0508,103.0671,0.0193,1.8989,0.1086,0.3541,0.0772,7.9837,3,0.5
2026-07-07,POET,POET Technologies Inc.,科技,半导体,SOXX,8.27,Bad Market,,15.7608,16.1819,14.955,0.1697,-1.9783,0.0035,0.42,0.0142,1.2269,4,0.2
2026-07-07,POR,Portland General Electric Co,可再生能源,电力,XLU,52.58,Wait,,53.2246,53.5273,49.6925,0.0192,1.5116,0.0335,0.2785,0.0015,3.8348,3,0.5
2026-07-07,POWI,"Power Integrations, Inc.",科技,半导体,SOXX,66.84,Bad Market,,88.4877,90.1942,64.5965,0.0851,-2.249,0.292,0.2578,0.0689,25.5977,4,0.2
2026-07-07,PPL,PPL Corporation,可再生能源,电力,XLU,36.39,Wait,,37.3839,37.6159,37.0201,0.0213,0.406,0.0845,0.1491,0.1365,0.5958,3,0.4706
2026-07-07,PR,Permian Resources Corporation,油气,油气勘探开发,XLE,19.09,Bad Market,,20.3709,20.5501,20.4294,0.0313,0.4286,-0.0203,0.1425,0.0669,0.1207,3.5,0.3196
2026-07-07,PRM,"Perimeter Solutions, SA",化工,化工,XLB,33.44,Wait,,38.1326,38.6616,30.727,0.0527,-0.7637,0.2317,0.1578,0.1226,7.9346,4,0.2
2026-07-07,PTEN,"Patterson-UTI Energy, Inc.",油气,油气勘探开发,XLE,9.15,Bad Market,,12.3787,12.5417,10.6768,0.0594,-2.0265,0.0373,0.3972,0.0737,1.8649,4,0.2
2026-07-07,PWR,"Quanta Services, Inc.",化工,建筑工程,XLI,656.79,Wait,,746.7079,755.8871,678.1493,0.0466,-1.4164,0.1822,0.148,0.0752,77.7378,3.5,0.2147
2026-07-07,Q,"Qnity Electronics, Inc.",科技,半导体,SOXX,140.54,Bad Market,,177.703,180.7974,134.3805,0.0734,-1.374,0.2971,0.0986,0.0323,46.4169,4,0.2
2026-07-07,QBTS,D-Wave Quantum Inc.,科技,量子计算,QTUM,21.06,Bad Market,,28.0827,28.7467,21.2861,0.1051,-1.2155,0.0303,0.2456,0.0066,7.4606,4,0.2
2026-07-07,QCOM,QUALCOMM Incorporated,科技,半导体,SOXX,182.97,Bad Market,,253.0239,257.5448,190.7413,0.0824,-1.3121,0.2375,0.3498,0.0951,66.8035,4,0.2
2026-07-07,QLYS,"Qualys, Inc.",科技,软件,IGV,157.55,Wait,,159.8355,161.8279,135.0157,0.0422,5.6145,0.2431,0.7149,0.5108,26.8122,3.5,0.2372
2026-07-07,QMCO,Quantum Corporation,科技,硬件,XLK,10.13,Wait,,16.2574,16.7184,9.8029,0.1517,-1.7677,0.3292,0.4157,0.0957,6.9154,4,0.2
2026-07-07,QRVO,"Qorvo, Inc.",科技,半导体,SOXX,85.13,Bad Market,,105.5813,106.7991,94.022,0.0477,-2.6613,0.1523,0.3917,0.0261,12.7772,3.5,0.2097
2026-07-07,QUBT,Quantum Computing Inc.,科技,量子计算,QTUM,8.69,Bad Market,,11.3822,11.6556,8.7451,0.1049,-1.3004,-0.0208,0.2288,0.025,2.9105,4,0.2
2026-07-07,RBRK,"Rubrik, Inc.",科技,软件,IGV,87.04,Wait,,88.2589,89.6073,69.3817,0.0516,2.9155,0.1575,0.1931,0.3279,20.2256,4,0.2
2026-07-07,RCAT,"Red Cat Holdings, Inc.",航空国防卫星,航空航天国防,ITA,9.23,Wait,,14.9535,15.2738,10.6798,0.1157,-1.5006,-0.126,0.3075,0.1331,4.594,4,0.2
2026-07-07,RCL,Royal Caribbean Cruises Ltd.,消费,旅游,XLY,282.26,Wait,,325.4726,329.6102,274.3778,0.0489,-1.416,0.0398,0.0227,0.0406,55.2325,3.5,0.2047
2026-07-07,RDW,Redwire Corporation,航空国防卫星,航空航天国防,ITA,10.21,Wait,,21.7405,22.2063,19.6899,0.1521,-2.2415,0.032,0.3596,0.0174,2.5164,4,0.2
2026-07-07,RGTI,"Rigetti Computing, Inc.",科技,量子计算,QTUM,16.55,Bad Market,,24.5438,25.1196,19.3535,0.116,-1.809,-0.0052,0.3623,0.0481,5.7661,4,0.2
2026-07-07,RIOT,"Riot Platforms, Inc.",科技,数据中心,DTCR,21.17,Bad Market,,29.1316,29.794,19.8581,0.1043,-2.3674,0.2846,0.3003,0.0869,9.9359,4,0.2
2026-07-07,RKLB,Rocket Lab Corporation,航空国防卫星,航空航天国防,ITA,83.41,Wait,,121.9286,124.8965,110.6584,0.1186,-1.7912,0.1477,0.2379,0.0014,14.2381,4,0.2
2026-07-07,RMBS,"Rambus, Inc.",科技,半导体,SOXX,105.93,Bad Market,,173.129,176.8326,121.2795,0.1165,-2.1867,0.2166,0.4207,0.038,55.5531,4,0.2
2026-07-07,ROIV,Roivant Sciences Ltd.,医药,生物技术,XLV,36.31,Too High,,35.7531,36.0975,31.3715,0.0316,3.8149,0.106,0.6305,0.2217,4.726,3.5,0.3163
2026-07-07,ROK,"Rockwell Automation, Inc.",化工,工业机械,XLI,468.9,Wait,,499.769,504.3134,442.0616,0.0323,0.1122,0.1537,0.033,0.1478,62.2519,3.5,0.3095
2026-07-07,RPRX,Royalty Pharma plc,医药,生物技术,XLV,57.8,Wait,,58.348,58.7674,53.5755,0.0242,1.8621,0.1914,0.1556,0.2533,5.1919,3,0.4134
2026-07-07,S,"SentinelOne, Inc.",科技,网络安全,XLK,18.16,Wait,,18.3316,18.5896,15.7005,0.0473,2.8499,0.111,0.2569,0.1893,2.8891,3.5,0.2112
2026-07-07,SANM,Sanmina Corporation,科技,电子元件,XLK,205.75,Wait,,286.0138,290.9544,216.8446,0.08,-2.352,0.2493,0.3773,0.0865,74.1098,4,0.2
2026-07-07,SAP,SAP  SE,科技,软件,IGV,162.77,Wait,,188.7677,190.4367,176.6385,0.0342,0.1608,-0.0636,0.2304,0.0737,13.7982,3.5,0.2926
2026-07-07,SARO,"StandardAero, Inc.",航空国防卫星,航空航天国防,ITA,30.04,Wait,,31.2204,31.5212,27.4107,0.0334,2.5796,0.0035,0.4188,0.1263,4.1105,3.5,0.2996
2026-07-07,SBGSY,Schneider Electric SE,化工,工业,XLI,61.3,Wait,,67.543,68.131,60.0704,0.032,-0.9636,0.0106,0.1302,0.0238,8.0606,3.5,0.3128
2026-07-07,SBLK,Star Bulk Carriers Corp.,油气,海运,SEA,26.2,Bad Market,,27.582,27.8401,25.1987,0.0328,0.0866,0.086,0.1074,0.0801,2.6414,3.5,0.3045
2026-07-07,SBS,Companhia de saneamento Basico ,化工,污水处理,XLU,5.72,Wait,,5.8672,5.914,6.5359,0.0273,1.1408,-0.0539,0.1839,0.1799,-0.6219,3.5,0.3666
2026-07-07,SEDG,"SolarEdge Technologies, Inc.",可再生能源,太阳能,TAN,52.94,Bad Market,,75.1563,76.8608,55.7834,0.1073,-0.6366,0.16,0.3072,0.0856,21.0774,4,0.2
2026-07-07,SHEL,Shell PLC,油气,综合油气,XLE,81.99,Bad Market,,87.5899,88.0828,86.5707,0.02,0.6944,-0.0085,0.2071,0.1653,1.5121,3,0.499
2026-07-07,SIMO,Silicon Motion Technology Corpo,科技,半导体,SOXX,294.9,Bad Market,,342.3106,350.4264,228.6885,0.0917,-0.1626,0.4743,0.0384,0.255,121.738,4,0.2
2026-07-07,SLAB,"Silicon Laboratories, Inc.",科技,半导体,SOXX,217.8,Bad Market,,221.1699,221.6679,215.3604,0.0076,-0.5491,-0.2547,0.1056,0.1604,6.3074,3,0.5
2026-07-07,SLB,SLB Limited,油气,油气设备服务,AMLP,46.42,Wait,,58.4742,58.9302,52.6904,0.0327,-2.5443,-0.0618,0.4752,0.1121,6.2398,3.5,0.3054
2026-07-07,SMMT,Summit Therapeutics Inc.,医药,生物技术,XBI,15.88,Wait,,16.1017,16.3591,22.9468,0.054,1.9148,-0.2085,0.1099,0.2409,-6.5877,4,0.2
2026-07-07,SMR,NuScale Power Corporation,可再生能源,核能,NLR,8.96,Bad Market,,12.4598,12.7444,10.1545,0.1059,-1.3548,-0.2124,0.3051,0.0735,2.59,4,0.2
2026-07-07,SNDK,Sandisk Corporation,科技,硬件,QQQ,1617.7,Wait,,2376.6875,2439.2187,1501.2506,0.1288,-1.5988,0.6042,0.0661,0.1323,937.9681,4,0.2
2026-07-07,SNOW,Snowflake Inc.,科技,软件,IGV,262.74,Wait,,264.7174,268.6234,234.5897,0.0496,1.6471,0.1227,0.2398,0.3502,34.0338,3.5,0.2018
2026-07-07,SNPS,"Synopsys, Inc.",科技,软件,IGV,436.63,Wait,,502.3863,507.8084,471.3019,0.0414,-1.0745,0.0112,0.3923,0.0094,36.5065,3.5,0.2416
2026-07-07,SNX,TD SYNNEX Corporation,科技,IT,XLK,235.67,Wait,,292.4967,295.7657,252.0022,0.0462,-3.4115,0.3159,0.3909,0.1139,43.7635,3.5,0.2163
2026-07-07,SO,Southern Company (The),可再生能源,电力,XLU,97.29,Wait,,98.8846,99.4274,92.5523,0.0186,1.5247,0.0899,0.2967,0.0459,6.8751,3,0.5
2026-07-07,SON,Sonoco Products Company,化工,包装容器纸制品,XLB,56.49,Wait,,57.9849,58.4494,52.0009,0.0274,2.742,0.0273,0.4966,0.024,6.4485,3.5,0.3648
2026-07-07,SPCX,Space Exploration Technologies ,航空国防卫星,航空航天国防,ITA,149.47,Wait,,,,,0.1209,,,,,,4,0.2
2026-07-07,SPOT,Spotify Technology S.A.,科技,IT,QQQ,493.95,Wait,,508.0695,513.6846,471.2511,0.0379,1.08,-0.0838,0.0354,0.067,42.4334,3.5,0.2639
2026-07-07,SQM,Sociedad Quimica y Minera S.A.,化工,化工,XLB,73.4,Wait,,84.854,85.7932,84.3525,0.0427,-1.0138,-0.0749,0.126,0.2088,1.4407,3.5,0.2345
2026-07-07,SRE,DBA Sempra,可再生能源,电力,XLU,94.59,Wait,,95.1505,95.6787,90.5072,0.0186,1.4955,-0.0496,0.253,0.0234,5.1715,3,0.5
2026-07-07,SSRM,SSR Mining Inc.,矿,银,SIL,29.91,Bad Market,,32.1765,32.6963,28.8097,0.0579,0.7105,-0.0079,0.0476,0.0233,3.8866,4,0.2
2026-07-07,ST,Sensata Technologies Holding pl,科技,科技仪器,QQQ,44.29,Wait,,53.9929,54.6227,46.202,0.0474,-2.1487,0.1655,0.3261,0.0884,8.4207,3.5,0.211
2026-07-07,STM,STMicroelectronics N.V.,科技,半导体,SOXX,67.28,Bad Market,,80.8229,82.1922,61.6525,0.0678,-1.4841,0.4178,0.1744,0.1911,20.5397,4,0.2
2026-07-07,STNG,Scorpio Tankers Inc.,油气,油气中游,SEA,74.32,Bad Market,,83.1932,84.0554,76.5614,0.0387,-0.6194,0.0413,0.0429,0.0042,7.4939,3.5,0.2586
2026-07-07,STX,Seagate Technology Holdings PLC,科技,存储硬件,XLK,827.64,Wait,,1109.9593,1133.8383,775.6541,0.0962,-1.5122,0.507,0.1102,0.1693,358.1842,4,0.2
2026-07-07,SU,Suncor Energy  Inc.,油气,综合油气,SPY,56.66,Wait,,66.1066,66.5835,64.166,0.0281,-0.4671,-0.0422,0.4126,0.1213,2.4175,3.5,0.3564
2026-07-07,SUN,Sunoco LP,油气,炼油,SPY,68.82,Wait,,69.2482,69.8733,64.9077,0.0303,1.6609,0.1375,0.0983,0.0692,4.9656,3.5,0.3303
2026-07-07,SXI,Standex International Corporati,化工,工业机械,XLI,310.54,Wait,,360.7754,365.4046,303.6633,0.0497,-0.4449,0.2602,0.105,0.1088,61.7413,3.5,0.2013
2026-07-07,SXT,Sensient Technologies Corporati,化工,化工,XLB,123.32,Wait,,125.7232,126.8764,111.1857,0.0312,1.0607,0.0211,0.213,0.2182,15.6907,3.5,0.3208
2026-07-07,SYNA,Synaptics Incorporated,科技,半导体,SOXX,119.37,Bad Market,,146.8288,149.602,110.5941,0.0774,-1.2015,0.2778,0.2076,0.1431,39.0079,4,0.2
2026-07-07,TALO,"Talos Energy, Inc.",油气,油气勘探开发,XLE,13.59,Bad Market,,15.5159,15.7003,14.4391,0.0452,-0.6672,-0.0358,0.2084,0.0588,1.2611,3.5,0.2211
2026-07-07,TDW,Tidewater Inc.,油气,油气设备服务,XLE,71.15,Bad Market,,77.6215,78.4427,81.5399,0.0385,0.6161,-0.1167,0.0872,0.1563,-3.0973,3.5,0.2599
2026-07-07,TE,T1 Energy Inc.,可再生能源,太阳能,TAN,6.95,Bad Market,,11.9008,12.2621,7.2235,0.1733,-1.5899,0.2564,0.3368,0.0733,5.0386,4,0.2
2026-07-07,TECK,Teck Resources Ltd,矿,铜,COPX,58.37,Bad Market,,67.8637,68.6277,61.6464,0.0436,-1.304,0.0376,0.2661,0.006,6.9814,3.5,0.2292
2026-07-07,TEL,TE Connectivity plc,科技,电子元件,XLK,197.84,Wait,,222.7284,224.9026,222.2946,0.0366,-1.1488,-0.0297,0.2211,0.1648,2.608,3.5,0.273
2026-07-07,TEM,"Tempus AI, Inc.",科技,AI医疗,IGV,60.09,Wait,,62.3621,63.5052,46.3584,0.0634,1.9728,0.0588,0.2767,0.0602,17.1468,4,0.2
2026-07-07,TEVA,Teva Pharmaceutical Industries ,医药,制药,XLV,34.65,Wait,,35.6365,35.9781,32.3552,0.0329,0.9078,0.0605,0.1111,0.1006,3.6228,3.5,0.3043
2026-07-07,TFPM,Triple Flag Precious Metals Cor,矿,金,GDX,29.18,Bad Market,,31.7818,32.2052,31.4205,0.0484,-0.1516,0.0011,0.0379,0.1416,0.7847,3.5,0.2068
2026-07-07,TK,Teekay Corporation Ltd.,油气,油气中游,SEA,10.71,Bad Market,,12.5571,12.7094,12.3731,0.0474,-1.432,0.0595,0.1317,0.1289,0.3363,3.5,0.211
2026-07-07,TRGP,"Targa Resources, Inc.",油气,油气中游,SPY,273.81,Wait,,276.1881,278.5437,249.2681,0.0287,1.0358,0.1166,0.1232,0.1498,29.2756,3.5,0.3487
2026-07-07,TRMD,TORM plc,油气,油气中游,SPY,28.35,Wait,,30.6835,31.0433,30.672,0.0423,-0.1146,0.1085,0.0151,0.0416,0.3713,3.5,0.2364
2026-07-07,TRP,TC Energy Corporation,油气,油气中游,AMLP,68.8,Wait,,70.878,71.3329,66.3609,0.022,0.2948,0.1362,0.0659,0.2151,4.972,3,0.4537
2026-07-07,TSEM,Tower Semiconductor Ltd.,科技,半导体,SOXX,211.93,Bad Market,,321.3145,328.0113,227.5594,0.1053,-2.0727,0.2537,0.182,0.0044,100.452,4,0.2
2026-07-07,TSM,Taiwan Semiconductor Manufactur,科技,半导体,SOXX,432.57,Bad Market,,481.9467,488.5116,390.0369,0.0506,-0.2486,0.308,0.0125,0.1166,98.4747,4,0.2
2026-07-07,TTE,TotalEnergies SE,油气,油气中游,XLE,77.96,Bad Market,,90.9496,91.5007,88.0891,0.0236,-2.1642,0.0112,0.5022,0.2192,3.4116,3,0.4244
2026-07-07,TTMI,"TTM Technologies, Inc.",科技,电子元件,XLK,144.08,Wait,,224.5586,229.1916,159.6971,0.1072,-2.9863,0.2817,0.2501,0.0715,69.4945,4,0.2
2026-07-07,TX,Ternium S.A. Ternium S.A.,化工,钢铁,XLB,42.75,Wait,,50.5475,51.0117,45.8248,0.0362,-2.12,0.0697,0.4028,0.0111,5.1869,3.5,0.2763
2026-07-07,TXT,Textron Inc.,航空国防卫星,航空航天国防,ITA,91.58,Wait,,94.7558,95.5236,87.0019,0.0279,0.1551,0.0634,0.0072,0.0184,8.5218,3.5,0.3578
2026-07-07,UBER,"Uber Technologies, Inc.",科技,软件,SPY,74.33,Wait,,76.9433,77.7415,69.8579,0.0358,0.925,0.0477,0.0737,0.0297,7.8836,3.5,0.2794
2026-07-07,UBS,UBS Group AG Registered,金融,银行,XLF,51.44,Wait,,52.6486,52.9478,49.1584,0.0194,2.0231,0.0121,0.2628,0.2338,3.7894,3,0.5
2026-07-07,UCTT,"Ultra Clean Holdings, Inc.",科技,半导体材料,SOXX,90.78,Bad Market,,144.8821,148.3204,96.747,0.1262,-1.746,0.5539,0.0105,0.0534,51.5734,4,0.2
2026-07-07,UEC,Uranium Energy Corp.,矿,铀,URA,9.9,Bad Market,,14.3093,14.5633,13.0835,0.0855,-1.4387,-0.1544,0.3778,0.1616,1.4798,4,0.2
2026-07-07,UMC,United Microelectronics Corpora,科技,半导体,SOXX,23.83,Bad Market,,28.3688,28.9071,20.833,0.0753,0.0033,0.6225,0.0868,0.2821,8.0741,4,0.2
2026-07-07,UNH,UnitedHealth Group Incorporated,医药,医疗服务,XLV,428.19,Wait,,432.1719,435.2666,396.9429,0.0241,1.6168,0.0616,0.3719,0.3812,38.3237,3,0.4151
2026-07-07,USAC,"USA Compression Partners, LP",油气,油气设备服务,SPY,26.06,Wait,,28.8806,29.1489,27.17,0.0343,-0.3919,0.0524,0.1479,0.024,1.9789,3.5,0.2914
2026-07-07,UUUU,Energy Fuels Inc,矿,铀,URA,12.86,Bad Market,,18.232,18.5801,18.8794,0.0902,-1.7502,-0.2018,0.4145,0.1899,-0.2993,4,0.2
2026-07-07,VALE,VALE S.A.,矿,铁矿,XME,14.69,Bad Market,,16.2069,16.3258,16.4332,0.027,-1.4625,-0.0869,0.2561,0.196,-0.1074,3.5,0.3707
2026-07-07,VECO,Veeco Instruments Inc.,科技,半导体,SOXX,53.35,Bad Market,,84.307,86.2075,57.7,0.1187,-2.7299,0.5147,0.0746,0.0664,28.5075,4,0.2
2026-07-07,VG,"Venture Global, Inc.",油气,油气中游,XLE,11.59,Bad Market,,13.4167,13.6068,12.2454,0.0547,-0.0268,-0.2114,0.1158,0.0422,1.3614,4,0.2
2026-07-07,VIAV,Viavi Solutions Inc.,科技,通讯设备,XLK,40.22,Wait,,54.8551,56.0628,39.2276,0.1001,-2.057,0.2019,0.2585,0.0087,16.8352,4,0.2
2026-07-07,VICR,Vicor Corporation,科技,电子元件,XLK,257.34,Wait,,386.247,395.9474,250.4409,0.1257,-1.8664,0.3418,0.1779,0.0607,145.5065,4,0.2
2026-07-07,VISN,"Vistance Networks, Inc.",科技,电子元件,XLK,12.07,Wait,,13.0007,13.1377,17.9321,0.0378,-0.8959,-0.2841,0.0303,0.2872,-4.7945,3.5,0.2644
2026-07-07,VLO,Valero Energy Corporation,油气,炼油,SPY,266.22,Wait,,272.9822,275.8204,237.2079,0.0355,1.2589,0.0815,0.0473,0.0914,38.6125,3.5,0.2814
2026-07-07,VLTO,Veralto Corp,化工,污水处理,XLI,93.1,Wait,,93.481,94.1852,84.3349,0.0252,2.9576,0.0644,0.3158,0.0433,9.8503,3.5,0.3966
2026-07-07,VRT,"Vertiv Holdings, LLC",化工,电子设备,XLI,305.58,Wait,,362.5256,369.3739,284.9187,0.0747,-0.257,0.2646,0.0807,0.0189,84.4552,4,0.2
2026-07-07,VRTX,Vertex Pharmaceuticals Incorpor,医药,生物技术,XLV,522.25,Wait,,534.8125,539.1258,479.2683,0.0275,3.6013,0.1577,0.5973,0.2789,59.8575,3.5,0.3632
2026-07-07,VSAT,"ViaSat, Inc.",航空国防卫星,通讯设备,XLK,76.72,Wait,,91.2252,93.3479,61.5065,0.0922,1.044,0.3792,0.0811,0.089,31.8414,4,0.2
2026-07-07,VSH,"Vishay Intertechnology, Inc.",科技,半导体,SOXX,42.19,Bad Market,,66.0399,67.7498,42.1016,0.1351,-2.6285,0.5969,0.3573,0.1411,25.6483,4,0.2
2026-07-07,VST,Vistra Corp.,可再生能源,电力,SPY,155.73,Wait,,169.3273,171.3964,143.6303,0.0443,-0.0083,-0.0413,0.0246,0.0471,27.7661,3.5,0.2258
2026-07-07,VTR,"Ventas, Inc.",医药,医疗地产,XLRE,94.07,Enter,0.9671,93.4607,94.0907,86.2198,0.0223,4.0334,0.0963,0.5142,0.1368,7.8709,3,0.4479
2026-07-07,VTRS,Viatris Inc.,医药,制药,XLV,16.96,Wait,,16.9696,17.1093,15.7596,0.0275,1.9235,0.0403,0.2583,0.2073,1.3497,3.5,0.3641
2026-07-07,VVX,"V2X, Inc.",航空国防卫星,航空航天国防,ITA,75.46,Wait,,91.5781,92.7304,75.4471,0.0509,-1.5057,0.2301,0.1534,0.0741,17.2833,4,0.2
2026-07-07,WAY,Waystar Holding Corp.,科技,软件,IGV,23.81,Wait,,24.1481,24.4686,22.9714,0.0449,4.0026,-0.0569,0.363,0.0417,1.4972,3.5,0.2229
2026-07-07,WBI,WaterBridge Infrastructure LLC,油气,油气设备服务,XLE,33.54,Bad Market,,34.6711,35.2728,26.2475,0.0598,1.2497,0.2743,0.1379,0.1541,9.0253,4,0.2
2026-07-07,WCC,"WESCO International, Inc.",化工,工业分销,XLI,307.21,Wait,,377.5921,382.039,322.6396,0.0483,-2.6287,0.1113,0.3645,0.0015,59.3994,3.5,0.2073
2026-07-07,WDC,Western Digital Corporation,科技,存储硬件,XLK,532.1,Wait,,757.7963,775.1459,514.9029,0.1087,-1.3869,0.5311,0.0708,0.1297,260.243,4,0.2
2026-07-07,WDS,Woodside Energy Group Limited,油气,油气勘探开发,XLE,19.82,Bad Market,,23.2682,23.4306,22.1056,0.0273,-0.9718,-0.061,0.27,0.2012,1.325,3.5,0.3662
2026-07-07,WEN,Wendy's Company (The),消费,餐饮,XLY,7.78,Wait,,9.0774,9.2834,6.1926,0.0883,0.7564,0.4908,0.1398,0.0649,3.0908,4,0.2
2026-07-07,WES,"Western Midstream Partners, LP",油气,油气中游,AMLP,44.8,Wait,,45.538,45.8297,44.4127,0.0217,1.2675,-0.0197,0.0652,0.1233,1.417,3,0.4607
2026-07-07,WMB,"Williams Companies, Inc. (The)",油气,油气中游,XLE,75.08,Bad Market,,78.6708,79.2609,72.5156,0.0262,0.8381,0.114,0.1802,0.0794,6.7452,3.5,0.3817
2026-07-07,WOLF,"Wolfspeed, Inc.",科技,半导体,SOXX,36.0,Bad Market,,68.5076,70.6791,44.547,0.2011,-1.5859,0.2099,0.2853,0.0448,26.1321,4,0.2
2026-07-07,WPM,Wheaton Precious Metals Corp,矿,金,GDX,111.89,Bad Market,,129.5489,131.1575,133.6134,0.0479,-0.8,-0.0603,0.1768,0.1719,-2.456,3.5,0.2087
2026-07-07,WULF,TeraWulf Inc.,科技,数据中心,DTCR,20.24,Bad Market,,29.4613,30.1832,19.3541,0.1189,-2.31,0.2823,0.2378,0.0174,10.8291,4,0.2
2026-07-07,WYFI,"WhiteFiber, Inc.",科技,数据中心,DTCR,33.42,Bad Market,,45.7991,47.3428,24.1876,0.154,0.0834,0.5091,0.0902,0.1611,23.1552,4,0.2
2026-07-07,XE,"X-Energy, Inc.",可再生能源,核能,NLR,16.54,Bad Market,,26.6882,27.3155,,0.1264,-1.5545,-0.1829,0.3618,,,4,0.2
2026-07-07,XEL,Xcel Energy Inc.,可再生能源,电力,SPY,80.67,Wait,,83.0367,83.5591,77.7258,0.0216,0.6081,0.0734,0.1798,0.0081,5.8333,3,0.4632
2026-07-07,XNDU,Xanadu Quantum Technologies Lim,科技,量子计算,XLK,11.3,Wait,,15.0804,15.501,30.5122,0.1241,-0.7336,-0.5249,0.264,0.2143,-15.0112,4,0.2
2026-07-07,XOM,ExxonMobil Holdings Corporation,油气,综合油气,XLE,141.69,Bad Market,,153.9469,154.9404,152.6147,0.0234,0.0888,-0.1169,0.2765,0.0898,2.3257,3,0.4278
2026-07-07,XP,XP Inc.,金融,资本市场,XLF,15.97,Wait,,16.5597,16.7376,19.0441,0.0371,0.3246,-0.1815,0.0618,0.2541,-2.3065,3.5,0.2693
2026-07-07,YPF,YPF Sociedad Anonima,油气,综合油气,XLE,47.13,Bad Market,,56.8213,57.3695,49.9543,0.0388,-1.3711,0.0234,0.3868,0.104,7.4152,3.5,0.2579
2026-07-07,ZETA,Zeta Global Holdings Corp.,科技,软件,IGV,21.87,Wait,,23.5391,23.9427,19.8687,0.0615,1.4491,0.1149,0.1061,0.1292,4.074,4,0.2
2026-07-07,ZWS,Zurn Elkay Water Solutions Corp,化工,污水处理,XLI,47.46,Wait,,51.7646,52.1729,48.0362,0.0287,-1.1803,0.0251,0.0017,0.0222,4.1367,3.5,0.3487
